To honour the JVM settings for this build a single-use Daemon process will be forked. For more on this, please refer to https://docs.gradle.org/8.8/userguide/gradle_daemon.html#sec:disabling_the_daemon in the Gradle documentation.
Daemon will be stopped at the end of the build 
> Task :compileJava UP-TO-DATE

> Task :bundleEngines
bundleEngines: 2 engine library/libraries from /home/rocky/br-native-candidate-runtime/staged

> Task :processResources
> Task :classes
> Task :downloadMcpConfig
> Task :extractSrg
> Task :createSrgToMcp
> Task :downloadMCMeta
> Task :downloadAssets
> Task :extractNatives
> Task :makeSrcDirs
> Task :prepareRuns
> Task :prepareRunServer
> Task :prepareRunServerCompile

> Task :runServer
2026-09-10 09:38:05,238 main WARN Advanced terminal features are not available in this environment
[09:38:05] [main/INFO] [cp.mo.mo.Launcher/MODLAUNCHER]: ModLauncher running: args [--launchTarget, forgeserveruserdev, --gameDir, ., --fml.forgeVersion, 47.4.13, --fml.mcVersion, 1.20.1, --fml.forgeGroup, net.minecraftforge, --fml.mcpVersion, 20230612.114412, --nogui]
[09:38:05] [main/INFO] [cp.mo.mo.Launcher/MODLAUNCHER]: ModLauncher 10.0.9+10.0.9+main.dcd20f30 starting: java version 17.0.20 by Ubuntu; OS Linux arch amd64 version 6.6.87.2-microsoft-standard-WSL2
[09:38:05] [main/DEBUG] [cp.mo.mo.LaunchServiceHandler/MODLAUNCHER]: Found launch services [fmlclientdev,forgeclient,minecraft,forgegametestserverdev,fmlserveruserdev,fmlclient,fmldatauserdev,forgeserverdev,forgeserveruserdev,forgeclientdev,forgeclientuserdev,forgeserver,forgedatadev,fmlserver,fmlclientuserdev,fmlserverdev,forgedatauserdev,testharness,forgegametestserveruserdev]
[09:38:05] [main/DEBUG] [cp.mo.mo.NameMappingServiceHandler/MODLAUNCHER]: Found naming services : [srgtomcp]
[09:38:05] [main/DEBUG] [cp.mo.mo.LaunchPluginHandler/MODLAUNCHER]: Found launch plugins: [mixin,eventbus,slf4jfixer,object_holder_definalize,runtime_enum_extender,capability_token_subclass,accesstransformer,runtimedistcleaner]
[09:38:05] [main/DEBUG] [cp.mo.mo.TransformationServicesHandler/MODLAUNCHER]: Discovering transformation services
[09:38:05] [main/DEBUG] [ne.mi.fm.lo.FMLPaths/CORE]: Path GAMEDIR is /home/rocky/br-mg-render-server/forge/run
[09:38:05] [main/DEBUG] [ne.mi.fm.lo.FMLPaths/CORE]: Path MODSDIR is /home/rocky/br-mg-render-server/forge/run/mods
[09:38:05] [main/DEBUG] [ne.mi.fm.lo.FMLPaths/CORE]: Path CONFIGDIR is /home/rocky/br-mg-render-server/forge/run/config
[09:38:05] [main/DEBUG] [ne.mi.fm.lo.FMLPaths/CORE]: Path FMLCONFIG is /home/rocky/br-mg-render-server/forge/run/config/fml.toml
[09:38:05] [main/WARN] [ne.mi.fm.lo.FMLConfig/CORE]: Configuration file /home/rocky/br-mg-render-server/forge/run/config/fml.toml is not correct. Correcting
[09:38:05] [main/INFO] [ne.mi.fm.lo.FMLConfig/CORE]: Incorrect key [earlyWindowSkipGLVersions] was corrected from null to []
[09:38:05] [main/INFO] [ne.mi.fm.lo.FMLConfig/CORE]: Incorrect key [earlyWindowLogHelpMessage] was corrected from null to true
[09:38:05] [main/INFO] [ne.mi.fm.lo.FMLConfig/CORE]: Incorrect key [earlyWindowSquir] was corrected from null to false
[09:38:05] [main/INFO] [ne.mi.fm.lo.FMLConfig/CORE]: Incorrect key [earlyWindowShowCPU] was corrected from null to false
[09:38:05] [main/DEBUG] [cp.mo.mo.TransformationServicesHandler/MODLAUNCHER]: Found additional transformation services from discovery services: 
[09:38:05] [main/INFO] [ne.mi.fm.lo.ImmediateWindowHandler/]: ImmediateWindowProvider not loading because launch target is forgeserveruserdev
[09:38:05] [main/DEBUG] [cp.mo.mo.TransformationServicesHandler/MODLAUNCHER]: Found transformer services : [mixin,fml]
[09:38:05] [main/DEBUG] [cp.mo.mo.TransformationServicesHandler/MODLAUNCHER]: Transformation services loading
[09:38:05] [main/DEBUG] [cp.mo.mo.TransformationServiceDecorator/MODLAUNCHER]: Loading service mixin
[09:38:05] [main/DEBUG] [cp.mo.mo.TransformationServiceDecorator/MODLAUNCHER]: Loaded service mixin
[09:38:05] [main/DEBUG] [cp.mo.mo.TransformationServiceDecorator/MODLAUNCHER]: Loading service fml
[09:38:05] [main/DEBUG] [ne.mi.fm.lo.LauncherVersion/CORE]: Found FMLLauncher version 1.0
[09:38:05] [main/DEBUG] [ne.mi.fm.lo.FMLLoader/CORE]: FML 1.0 loading
[09:38:05] [main/DEBUG] [ne.mi.fm.lo.FMLLoader/CORE]: FML found ModLauncher version : 10.0.9+10.0.9+main.dcd20f30
[09:38:05] [main/DEBUG] [ne.mi.fm.lo.FMLLoader/CORE]: Requesting CoreMods to not apply the fix for ASMAPI.findFirstInstructionBefore by default
[09:38:05] [main/DEBUG] [ne.mi.fm.lo.FMLLoader/CORE]: FML found AccessTransformer version : 8.0.4+66+master.c09db6d7
[09:38:05] [main/DEBUG] [ne.mi.fm.lo.FMLLoader/CORE]: FML found EventBus version : 6.0.5+6.0.5+master.eb8e549b
[09:38:05] [main/DEBUG] [ne.mi.fm.lo.FMLLoader/CORE]: Found Runtime Dist Cleaner
[09:38:05] [main/DEBUG] [ne.mi.co.CoreModEngine/]: CoreMods will preserve legacy behavior of ASMAPI.findFirstInstructionBefore for backwards-compatibility
[09:38:05] [main/DEBUG] [ne.mi.fm.lo.FMLLoader/CORE]: FML found CoreMod version : 5.2.4
[09:38:05] [main/DEBUG] [ne.mi.fm.lo.FMLLoader/CORE]: Found ForgeSPI package implementation version 7.0.1+7.0.1+master.d2b38bf6
[09:38:05] [main/DEBUG] [ne.mi.fm.lo.FMLLoader/CORE]: Found ForgeSPI package specification 5
[09:38:05] [main/DEBUG] [cp.mo.mo.TransformationServiceDecorator/MODLAUNCHER]: Loaded service fml
[09:38:05] [main/DEBUG] [cp.mo.mo.TransformationServicesHandler/MODLAUNCHER]: Configuring option handling for services
[09:38:05] [main/DEBUG] [cp.mo.mo.TransformationServicesHandler/MODLAUNCHER]: Transformation services initializing
[09:38:05] [main/DEBUG] [cp.mo.mo.TransformationServiceDecorator/MODLAUNCHER]: Initializing transformation service mixin
[09:38:05] [main/DEBUG] [mixin/]: MixinService [ModLauncher] was successfully booted in cpw.mods.cl.ModuleClassLoader@5db45159
[09:38:05] [main/INFO] [mixin/]: SpongePowered MIXIN Subsystem Version=0.8.5 Source=union:/home/rocky/.gradle/caches/modules-2/files-2.1/org.spongepowered/mixin/0.8.5/9d1c0c3a304ae6697ecd477218fa61b850bf57fc/mixin-0.8.5.jar%23116!/ Service=ModLauncher Env=SERVER
[09:38:05] [main/DEBUG] [mixin/]: Initialising Mixin Platform Manager
[09:38:05] [main/DEBUG] [mixin/]: Adding mixin platform agents for container ModLauncher Root Container(ModLauncher:4f56a0a2)
[09:38:05] [main/DEBUG] [mixin/]: Instancing new MixinPlatformAgentMinecraftForge for ModLauncher Root Container(ModLauncher:4f56a0a2)
[09:38:05] [main/DEBUG] [mixin/]: MixinPlatformAgentMinecraftForge rejected container ModLauncher Root Container(ModLauncher:4f56a0a2)
[09:38:05] [main/DEBUG] [mixin/]: Instancing new MixinPlatformAgentDefault for ModLauncher Root Container(ModLauncher:4f56a0a2)
[09:38:05] [main/DEBUG] [mixin/]: MixinPlatformAgentDefault accepted container ModLauncher Root Container(ModLauncher:4f56a0a2)
[09:38:05] [main/DEBUG] [cp.mo.mo.TransformationServiceDecorator/MODLAUNCHER]: Initialized transformation service mixin
[09:38:05] [main/DEBUG] [cp.mo.mo.TransformationServiceDecorator/MODLAUNCHER]: Initializing transformation service fml
[09:38:05] [main/DEBUG] [ne.mi.fm.lo.FMLServiceProvider/CORE]: Setting up basic FML game directories
[09:38:05] [main/DEBUG] [ne.mi.fm.lo.FMLPaths/CORE]: Path GAMEDIR is /home/rocky/br-mg-render-server/forge/run
[09:38:05] [main/DEBUG] [ne.mi.fm.lo.FMLPaths/CORE]: Path MODSDIR is /home/rocky/br-mg-render-server/forge/run/mods
[09:38:05] [main/DEBUG] [ne.mi.fm.lo.FMLPaths/CORE]: Path CONFIGDIR is /home/rocky/br-mg-render-server/forge/run/config
[09:38:05] [main/DEBUG] [ne.mi.fm.lo.FMLPaths/CORE]: Path FMLCONFIG is /home/rocky/br-mg-render-server/forge/run/config/fml.toml
[09:38:05] [main/DEBUG] [ne.mi.fm.lo.FMLServiceProvider/CORE]: Loading configuration
[09:38:05] [main/DEBUG] [ne.mi.fm.lo.FMLServiceProvider/CORE]: Preparing ModFile
[09:38:05] [main/DEBUG] [ne.mi.fm.lo.FMLServiceProvider/CORE]: Preparing launch handler
[09:38:05] [main/DEBUG] [ne.mi.fm.lo.FMLLoader/CORE]: Using forgeserveruserdev as launch service
[09:38:05] [main/DEBUG] [ne.mi.fm.lo.FMLLoader/CORE]: Received command line version data  : VersionInfo[forgeVersion=47.4.13, mcVersion=1.20.1, mcpVersion=20230612.114412, forgeGroup=net.minecraftforge]
[09:38:05] [main/DEBUG] [cp.mo.mo.TransformationServiceDecorator/MODLAUNCHER]: Initialized transformation service fml
[09:38:05] [main/DEBUG] [cp.mo.mo.NameMappingServiceHandler/MODLAUNCHER]: Current naming domain is 'mcp'
[09:38:05] [main/DEBUG] [cp.mo.mo.NameMappingServiceHandler/MODLAUNCHER]: Identified name mapping providers {srg=srgtomcp:1234}
[09:38:05] [main/DEBUG] [cp.mo.mo.TransformationServicesHandler/MODLAUNCHER]: Transformation services begin scanning
[09:38:05] [main/DEBUG] [cp.mo.mo.TransformationServiceDecorator/MODLAUNCHER]: Beginning scan trigger - transformation service mixin
[09:38:05] [main/DEBUG] [cp.mo.mo.TransformationServiceDecorator/MODLAUNCHER]: End scan trigger - transformation service mixin
[09:38:05] [main/DEBUG] [cp.mo.mo.TransformationServiceDecorator/MODLAUNCHER]: Beginning scan trigger - transformation service fml
[09:38:05] [main/DEBUG] [ne.mi.fm.lo.FMLServiceProvider/CORE]: Initiating mod scan
[09:38:05] [main/DEBUG] [ne.mi.fm.lo.mo.ModListHandler/CORE]: Found mod coordinates from lists: []
[09:38:05] [main/DEBUG] [ne.mi.fm.lo.mo.ModDiscoverer/CORE]: Found Mod Locators : (mods folder:null),(maven libs:null),(exploded directory:null),(minecraft:null),(userdev classpath:null)
[09:38:05] [main/DEBUG] [ne.mi.fm.lo.mo.ModDiscoverer/CORE]: Found Dependency Locators : (JarInJar:null)
[09:38:05] [main/DEBUG] [ne.mi.fm.lo.ta.CommonLaunchHandler/CORE]: Got mod coordinates blockreality%%/home/rocky/br-mg-render-server/forge/build/resources/main:blockreality%%/home/rocky/br-mg-render-server/forge/build/classes/java/main from env
[09:38:05] [main/DEBUG] [ne.mi.fm.lo.ta.CommonLaunchHandler/CORE]: Found supplied mod coordinates [{blockreality=[/home/rocky/br-mg-render-server/forge/build/resources/main, /home/rocky/br-mg-render-server/forge/build/classes/java/main]}]
[09:38:05] [main/DEBUG] [ne.mi.fm.lo.mo.ModFileInfo/LOADING]: Found valid mod file forge-1.20.1-47.4.13_mapped_official_1.20.1.jar with {minecraft} mods - versions {1.20.1}
[09:38:05] [main/DEBUG] [ne.mi.fm.lo.mo.ModFileParser/LOADING]: Considering mod file candidate /home/rocky/.gradle/caches/modules-2/files-2.1/net.minecraftforge/javafmllanguage/1.20.1-47.4.13/cf01e2179f72bd2829c65f5226d7dd0cfb6c686/javafmllanguage-1.20.1-47.4.13.jar
[09:38:05] [main/WARN] [ne.mi.fm.lo.mo.ModFileParser/LOADING]: Mod file /home/rocky/.gradle/caches/modules-2/files-2.1/net.minecraftforge/javafmllanguage/1.20.1-47.4.13/cf01e2179f72bd2829c65f5226d7dd0cfb6c686/javafmllanguage-1.20.1-47.4.13.jar is missing mods.toml file
[09:38:05] [main/DEBUG] [ne.mi.fm.lo.mo.ModFileParser/LOADING]: Considering mod file candidate /home/rocky/.gradle/caches/modules-2/files-2.1/net.minecraftforge/lowcodelanguage/1.20.1-47.4.13/e3f96129ea14eba84316f2d69816253e228e6e4c/lowcodelanguage-1.20.1-47.4.13.jar
[09:38:05] [main/WARN] [ne.mi.fm.lo.mo.ModFileParser/LOADING]: Mod file /home/rocky/.gradle/caches/modules-2/files-2.1/net.minecraftforge/lowcodelanguage/1.20.1-47.4.13/e3f96129ea14eba84316f2d69816253e228e6e4c/lowcodelanguage-1.20.1-47.4.13.jar is missing mods.toml file
[09:38:05] [main/DEBUG] [ne.mi.fm.lo.mo.ModFileParser/LOADING]: Considering mod file candidate /home/rocky/.gradle/caches/modules-2/files-2.1/net.minecraftforge/mclanguage/1.20.1-47.4.13/85796906112d9b621a7b2996f8bfda49da991ef0/mclanguage-1.20.1-47.4.13.jar
[09:38:05] [main/WARN] [ne.mi.fm.lo.mo.ModFileParser/LOADING]: Mod file /home/rocky/.gradle/caches/modules-2/files-2.1/net.minecraftforge/mclanguage/1.20.1-47.4.13/85796906112d9b621a7b2996f8bfda49da991ef0/mclanguage-1.20.1-47.4.13.jar is missing mods.toml file
[09:38:05] [main/DEBUG] [ne.mi.fm.lo.mo.ModFileParser/LOADING]: Considering mod file candidate /home/rocky/.gradle/caches/modules-2/files-2.1/net.minecraftforge/fmlcore/1.20.1-47.4.13/f77e3021d1eb31d61f8d1b92d18ed4fb3c2806e5/fmlcore-1.20.1-47.4.13.jar
[09:38:05] [main/WARN] [ne.mi.fm.lo.mo.ModFileParser/LOADING]: Mod file /home/rocky/.gradle/caches/modules-2/files-2.1/net.minecraftforge/fmlcore/1.20.1-47.4.13/f77e3021d1eb31d61f8d1b92d18ed4fb3c2806e5/fmlcore-1.20.1-47.4.13.jar is missing mods.toml file
[09:38:05] [main/DEBUG] [ne.mi.fm.lo.mo.ModFileParser/LOADING]: Considering mod file candidate /home/rocky/br-mg-render-server/forge/build/resources/main
[09:38:05] [main/DEBUG] [ne.mi.fm.lo.mo.ModFileInfo/LOADING]: Found valid mod file main with {blockreality} mods - versions {0.4.0-dev}
[09:38:05] [main/DEBUG] [ne.mi.fm.lo.mo.ModFileParser/LOADING]: Considering mod file candidate /
[09:38:05] [main/DEBUG] [ne.mi.fm.lo.mo.ModFileInfo/LOADING]: Found valid mod file  with {forge} mods - versions {47.4.13}
[09:38:05] [main/DEBUG] [ne.mi.fm.lo.mo.AbstractJarFileDependencyLocator/]: Failed to load resource META-INF/jarjar/metadata.json from forge-1.20.1-47.4.13_mapped_official_1.20.1.jar, it does not contain dependency information.
[09:38:05] [main/DEBUG] [ne.mi.fm.lo.mo.AbstractJarFileDependencyLocator/]: Failed to load resource META-INF/jarjar/metadata.json from main, it does not contain dependency information.
[09:38:05] [main/DEBUG] [ne.mi.fm.lo.mo.AbstractJarFileDependencyLocator/]: Failed to load resource META-INF/jarjar/metadata.json from , it does not contain dependency information.
[09:38:05] [main/DEBUG] [ne.mi.fm.lo.mo.AbstractJarFileDependencyLocator/]: Failed to load resource META-INF/jarjar/metadata.json from mclanguage-1.20.1-47.4.13.jar, it does not contain dependency information.
[09:38:05] [main/DEBUG] [ne.mi.fm.lo.mo.AbstractJarFileDependencyLocator/]: Failed to load resource META-INF/jarjar/metadata.json from javafmllanguage-1.20.1-47.4.13.jar, it does not contain dependency information.
[09:38:05] [main/DEBUG] [ne.mi.fm.lo.mo.AbstractJarFileDependencyLocator/]: Failed to load resource META-INF/jarjar/metadata.json from fmlcore-1.20.1-47.4.13.jar, it does not contain dependency information.
[09:38:05] [main/DEBUG] [ne.mi.fm.lo.mo.AbstractJarFileDependencyLocator/]: Failed to load resource META-INF/jarjar/metadata.json from lowcodelanguage-1.20.1-47.4.13.jar, it does not contain dependency information.
[09:38:05] [main/INFO] [ne.mi.fm.lo.mo.JarInJarDependencyLocator/]: No dependencies to load found. Skipping!
[09:38:05] [main/DEBUG] [ne.mi.fm.lo.mo.ModFileInfo/LOADING]: Found valid mod file forge-1.20.1-47.4.13_mapped_official_1.20.1.jar with {minecraft} mods - versions {1.20.1}
[09:38:05] [main/DEBUG] [ne.mi.fm.lo.mo.ModFile/LOADING]: Loading mod file /home/rocky/.gradle/caches/forge_gradle/minecraft_user_repo/net/minecraftforge/forge/1.20.1-47.4.13_mapped_official_1.20.1/forge-1.20.1-47.4.13_mapped_official_1.20.1.jar with languages [LanguageSpec[languageName=minecraft, acceptedVersions=1]]
[09:38:05] [main/DEBUG] [ne.mi.fm.lo.mo.ModFileParser/LOADING]: Considering mod file candidate /home/rocky/br-mg-render-server/forge/build/resources/main
[09:38:05] [main/DEBUG] [ne.mi.fm.lo.mo.ModFileInfo/LOADING]: Found valid mod file main with {blockreality} mods - versions {0.4.0-dev}
[09:38:05] [main/DEBUG] [ne.mi.fm.lo.mo.ModFile/LOADING]: Loading mod file /home/rocky/br-mg-render-server/forge/build/resources/main with languages [LanguageSpec[languageName=javafml, acceptedVersions=[47,)]]
[09:38:05] [main/DEBUG] [ne.mi.fm.lo.mo.ModFileParser/LOADING]: Considering mod file candidate /
[09:38:05] [main/DEBUG] [ne.mi.fm.lo.mo.ModFileInfo/LOADING]: Found valid mod file  with {forge} mods - versions {47.4.13}
[09:38:05] [main/DEBUG] [ne.mi.fm.lo.mo.ModFile/LOADING]: Loading mod file / with languages [LanguageSpec[languageName=javafml, acceptedVersions=[24,]]]
[09:38:06] [main/DEBUG] [ne.mi.fm.lo.mo.ModFileParser/LOADING]: Found coremod field_to_method with Javascript path coremods/field_to_method.js
[09:38:06] [main/DEBUG] [ne.mi.fm.lo.mo.ModFileParser/LOADING]: Found coremod field_to_instanceof with Javascript path coremods/field_to_instanceof.js
[09:38:06] [main/DEBUG] [ne.mi.fm.lo.mo.ModFileParser/LOADING]: Found coremod add_bouncer_method with Javascript path coremods/add_bouncer_method.js
[09:38:06] [main/DEBUG] [ne.mi.fm.lo.mo.ModFileParser/LOADING]: Found coremod method_redirector with Javascript path coremods/method_redirector.js
[09:38:06] [main/DEBUG] [ne.mi.fm.lo.mo.ModFile/LOADING]: Found coremod coremods/field_to_method.js
[09:38:06] [main/DEBUG] [ne.mi.fm.lo.mo.ModFile/LOADING]: Found coremod coremods/field_to_instanceof.js
[09:38:06] [main/DEBUG] [ne.mi.fm.lo.mo.ModFile/LOADING]: Found coremod coremods/add_bouncer_method.js
[09:38:06] [main/DEBUG] [ne.mi.fm.lo.mo.ModFile/LOADING]: Found coremod coremods/method_redirector.js
[09:38:06] [main/DEBUG] [cp.mo.mo.TransformationServiceDecorator/MODLAUNCHER]: End scan trigger - transformation service fml
[09:38:06] [main/DEBUG] [ne.mi.fm.lo.LanguageLoadingProvider/CORE]: Found 3 language providers
[09:38:06] [main/DEBUG] [ne.mi.fm.lo.LanguageLoadingProvider/CORE]: Found language provider minecraft, version 1.0
[09:38:06] [main/DEBUG] [ne.mi.fm.lo.LanguageLoadingProvider/CORE]: Found language provider lowcodefml, version 47
[09:38:06] [main/DEBUG] [ne.mi.fm.lo.LanguageLoadingProvider/CORE]: Found language provider javafml, version 47
[09:38:06] [main/DEBUG] [ne.mi.fm.lo.ModSorter/]: Configured system mods: [minecraft, forge]
[09:38:06] [main/DEBUG] [ne.mi.fm.lo.ModSorter/]: Found system mod: minecraft
[09:38:06] [main/DEBUG] [ne.mi.fm.lo.ModSorter/]: Found system mod: forge
[09:38:06] [main/DEBUG] [ne.mi.fm.lo.ModSorter/LOADING]: Found 2 mod requirements (2 mandatory, 0 optional)
[09:38:06] [main/DEBUG] [ne.mi.fm.lo.ModSorter/LOADING]: Found 0 mod requirements missing (0 mandatory, 0 optional)
[09:38:06] [main/DEBUG] [ne.mi.fm.lo.MCPNamingService/CORE]: Loaded 33222 method mappings from methods.csv
[09:38:06] [main/DEBUG] [ne.mi.fm.lo.MCPNamingService/CORE]: Loaded 31003 field mappings from fields.csv
[09:38:06] [main/DEBUG] [cp.mo.mo.TransformationServicesHandler/MODLAUNCHER]: Transformation services loading transformers
[09:38:06] [main/DEBUG] [cp.mo.mo.TransformationServiceDecorator/MODLAUNCHER]: Initializing transformers for transformation service mixin
[09:38:06] [main/DEBUG] [cp.mo.mo.TransformationServiceDecorator/MODLAUNCHER]: Initialized transformers for transformation service mixin
[09:38:06] [main/DEBUG] [cp.mo.mo.TransformationServiceDecorator/MODLAUNCHER]: Initializing transformers for transformation service fml
[09:38:06] [main/DEBUG] [ne.mi.fm.lo.FMLServiceProvider/CORE]: Loading coremod transformers
[09:38:06] [main/DEBUG] [ne.mi.co.CoreModEngine/COREMOD]: Loading CoreMod from coremods/field_to_method.js
[09:38:06] [main/DEBUG] [ne.mi.co.CoreModEngine/COREMOD]: CoreMod loaded successfully
[09:38:06] [main/DEBUG] [ne.mi.co.CoreModEngine/COREMOD]: Loading CoreMod from coremods/field_to_instanceof.js
[09:38:06] [main/DEBUG] [ne.mi.co.CoreModEngine/COREMOD]: CoreMod loaded successfully
[09:38:06] [main/DEBUG] [ne.mi.co.CoreModEngine/COREMOD]: Loading CoreMod from coremods/add_bouncer_method.js
[09:38:07] [main/DEBUG] [ne.mi.co.CoreModEngine/COREMOD]: CoreMod loaded successfully
[09:38:07] [main/DEBUG] [ne.mi.co.CoreModEngine/COREMOD]: Loading CoreMod from coremods/method_redirector.js
[09:38:07] [main/DEBUG] [ne.mi.co.CoreModEngine/COREMOD]: CoreMod loaded successfully
[09:38:07] [main/DEBUG] [cp.mo.mo.TransformStore/MODLAUNCHER]: Adding transformer net.minecraftforge.coremod.transformer.CoreModClassTransformer@65d8dff8 to Target : CLASS {Lnet/minecraft/world/level/biome/Biome;} {} {V}
[09:38:07] [main/DEBUG] [cp.mo.mo.TransformStore/MODLAUNCHER]: Adding transformer net.minecraftforge.coremod.transformer.CoreModClassTransformer@506a1372 to Target : CLASS {Lnet/minecraft/world/level/levelgen/structure/Structure;} {} {V}
[09:38:07] [main/DEBUG] [cp.mo.mo.TransformStore/MODLAUNCHER]: Adding transformer net.minecraftforge.coremod.transformer.CoreModClassTransformer@1b7332a7 to Target : CLASS {Lnet/minecraft/world/effect/MobEffectInstance;} {} {V}
[09:38:07] [main/DEBUG] [cp.mo.mo.TransformStore/MODLAUNCHER]: Adding transformer net.minecraftforge.coremod.transformer.CoreModClassTransformer@77c233af to Target : CLASS {Lnet/minecraft/world/level/block/LiquidBlock;} {} {V}
[09:38:07] [main/DEBUG] [cp.mo.mo.TransformStore/MODLAUNCHER]: Adding transformer net.minecraftforge.coremod.transformer.CoreModClassTransformer@37b56ac7 to Target : CLASS {Lnet/minecraft/world/item/BucketItem;} {} {V}
[09:38:07] [main/DEBUG] [cp.mo.mo.TransformStore/MODLAUNCHER]: Adding transformer net.minecraftforge.coremod.transformer.CoreModClassTransformer@37c41ec0 to Target : CLASS {Lnet/minecraft/world/level/block/StairBlock;} {} {V}
[09:38:07] [main/DEBUG] [cp.mo.mo.TransformStore/MODLAUNCHER]: Adding transformer net.minecraftforge.coremod.transformer.CoreModClassTransformer@35a0e495 to Target : CLASS {Lnet/minecraft/world/level/block/FlowerPotBlock;} {} {V}
[09:38:07] [main/DEBUG] [cp.mo.mo.TransformStore/MODLAUNCHER]: Adding transformer net.minecraftforge.coremod.transformer.CoreModClassTransformer@5399f6c5 to Target : CLASS {Lnet/minecraft/world/item/ItemStack;} {} {V}
[09:38:07] [main/DEBUG] [cp.mo.mo.TransformStore/MODLAUNCHER]: Adding transformer net.minecraftforge.coremod.transformer.CoreModClassTransformer@4fe64d23 to Target : CLASS {Lnet/minecraft/network/play/client/CClientSettingsPacket;} {} {V}
[09:38:07] [main/DEBUG] [cp.mo.mo.TransformStore/MODLAUNCHER]: Adding transformer net.minecraftforge.coremod.transformer.CoreModClassTransformer@58437801 to Target : CLASS {Lnet/minecraft/world/level/levelgen/structure/structures/OceanMonumentPieces$OceanMonumentPiece;} {} {V}
[09:38:07] [main/DEBUG] [cp.mo.mo.TransformStore/MODLAUNCHER]: Adding transformer net.minecraftforge.coremod.transformer.CoreModClassTransformer@58437801 to Target : CLASS {Lnet/minecraft/world/level/levelgen/structure/structures/WoodlandMansionPieces$WoodlandMansionPiece;} {} {V}
[09:38:07] [main/DEBUG] [cp.mo.mo.TransformStore/MODLAUNCHER]: Adding transformer net.minecraftforge.coremod.transformer.CoreModClassTransformer@58437801 to Target : CLASS {Lnet/minecraft/world/entity/raid/Raid;} {} {V}
[09:38:07] [main/DEBUG] [cp.mo.mo.TransformStore/MODLAUNCHER]: Adding transformer net.minecraftforge.coremod.transformer.CoreModClassTransformer@58437801 to Target : CLASS {Lnet/minecraft/world/entity/monster/ZombieVillager;} {} {V}
[09:38:07] [main/DEBUG] [cp.mo.mo.TransformStore/MODLAUNCHER]: Adding transformer net.minecraftforge.coremod.transformer.CoreModClassTransformer@58437801 to Target : CLASS {Lnet/minecraft/world/entity/monster/Zombie;} {} {V}
[09:38:07] [main/DEBUG] [cp.mo.mo.TransformStore/MODLAUNCHER]: Adding transformer net.minecraftforge.coremod.transformer.CoreModClassTransformer@58437801 to Target : CLASS {Lnet/minecraft/world/entity/animal/horse/SkeletonTrapGoal;} {} {V}
[09:38:07] [main/DEBUG] [cp.mo.mo.TransformStore/MODLAUNCHER]: Adding transformer net.minecraftforge.coremod.transformer.CoreModClassTransformer@58437801 to Target : CLASS {Lnet/minecraft/world/entity/monster/Spider;} {} {V}
[09:38:07] [main/DEBUG] [cp.mo.mo.TransformStore/MODLAUNCHER]: Adding transformer net.minecraftforge.coremod.transformer.CoreModClassTransformer@58437801 to Target : CLASS {Lnet/minecraft/world/level/levelgen/structure/structures/SwampHutPiece;} {} {V}
[09:38:07] [main/DEBUG] [cp.mo.mo.TransformStore/MODLAUNCHER]: Adding transformer net.minecraftforge.coremod.transformer.CoreModClassTransformer@58437801 to Target : CLASS {Lnet/minecraft/server/commands/RaidCommand;} {} {V}
[09:38:07] [main/DEBUG] [cp.mo.mo.TransformStore/MODLAUNCHER]: Adding transformer net.minecraftforge.coremod.transformer.CoreModClassTransformer@58437801 to Target : CLASS {Lnet/minecraft/world/level/levelgen/structure/structures/OceanRuinPieces$OceanRuinPiece;} {} {V}
[09:38:07] [main/DEBUG] [cp.mo.mo.TransformStore/MODLAUNCHER]: Adding transformer net.minecraftforge.coremod.transformer.CoreModClassTransformer@58437801 to Target : CLASS {Lnet/minecraft/world/level/NaturalSpawner;} {} {V}
[09:38:07] [main/DEBUG] [cp.mo.mo.TransformStore/MODLAUNCHER]: Adding transformer net.minecraftforge.coremod.transformer.CoreModClassTransformer@58437801 to Target : CLASS {Lnet/minecraft/world/entity/animal/frog/Tadpole;} {} {V}
[09:38:07] [main/DEBUG] [cp.mo.mo.TransformStore/MODLAUNCHER]: Adding transformer net.minecraftforge.coremod.transformer.CoreModClassTransformer@58437801 to Target : CLASS {Lnet/minecraft/server/commands/SummonCommand;} {} {V}
[09:38:07] [main/DEBUG] [cp.mo.mo.TransformStore/MODLAUNCHER]: Adding transformer net.minecraftforge.coremod.transformer.CoreModClassTransformer@58437801 to Target : CLASS {Lnet/minecraft/world/entity/ai/village/VillageSiege;} {} {V}
[09:38:07] [main/DEBUG] [cp.mo.mo.TransformStore/MODLAUNCHER]: Adding transformer net.minecraftforge.coremod.transformer.CoreModClassTransformer@58437801 to Target : CLASS {Lnet/minecraft/world/entity/npc/CatSpawner;} {} {V}
[09:38:07] [main/DEBUG] [cp.mo.mo.TransformStore/MODLAUNCHER]: Adding transformer net.minecraftforge.coremod.transformer.CoreModClassTransformer@58437801 to Target : CLASS {Lnet/minecraft/world/entity/monster/Strider;} {} {V}
[09:38:07] [main/DEBUG] [cp.mo.mo.TransformStore/MODLAUNCHER]: Adding transformer net.minecraftforge.coremod.transformer.CoreModClassTransformer@58437801 to Target : CLASS {Lnet/minecraft/world/entity/monster/Evoker$EvokerSummonSpellGoal;} {} {V}
[09:38:07] [main/DEBUG] [cp.mo.mo.TransformStore/MODLAUNCHER]: Adding transformer net.minecraftforge.coremod.transformer.CoreModClassTransformer@58437801 to Target : CLASS {Lnet/minecraft/world/entity/npc/Villager;} {} {V}
[09:38:07] [main/DEBUG] [cp.mo.mo.TransformStore/MODLAUNCHER]: Adding transformer net.minecraftforge.coremod.transformer.CoreModClassTransformer@58437801 to Target : CLASS {Lnet/minecraft/world/level/levelgen/PhantomSpawner;} {} {V}
[09:38:07] [main/DEBUG] [cp.mo.mo.TransformStore/MODLAUNCHER]: Adding transformer net.minecraftforge.coremod.transformer.CoreModClassTransformer@58437801 to Target : CLASS {Lnet/minecraft/world/entity/EntityType;} {} {V}
[09:38:07] [main/DEBUG] [cp.mo.mo.TransformStore/MODLAUNCHER]: Adding transformer net.minecraftforge.coremod.transformer.CoreModClassTransformer@58437801 to Target : CLASS {Lnet/minecraft/world/level/levelgen/structure/templatesystem/StructureTemplate;} {} {V}
[09:38:07] [main/DEBUG] [cp.mo.mo.TransformStore/MODLAUNCHER]: Adding transformer net.minecraftforge.coremod.transformer.CoreModClassTransformer@58437801 to Target : CLASS {Lnet/minecraft/world/level/levelgen/PatrolSpawner;} {} {V}
[09:38:07] [main/DEBUG] [cp.mo.mo.TransformationServiceDecorator/MODLAUNCHER]: Initialized transformers for transformation service fml
[09:38:07] [main/DEBUG] [mixin/]: Processing prepare() for PlatformAgent[MixinPlatformAgentDefault:ModLauncher Root Container(ModLauncher:4f56a0a2)]
[09:38:07] [main/DEBUG] [mixin/]: Processing launch tasks for PlatformAgent[MixinPlatformAgentDefault:ModLauncher Root Container(ModLauncher:4f56a0a2)]
[09:38:07] [main/DEBUG] [mixin/]: Adding mixin platform agents for container SecureJarResource(minecraft)
[09:38:07] [main/DEBUG] [mixin/]: Instancing new MixinPlatformAgentMinecraftForge for SecureJarResource(minecraft)
[09:38:07] [main/DEBUG] [mixin/]: MixinPlatformAgentMinecraftForge rejected container SecureJarResource(minecraft)
[09:38:07] [main/DEBUG] [mixin/]: Instancing new MixinPlatformAgentDefault for SecureJarResource(minecraft)
[09:38:07] [main/DEBUG] [mixin/]: MixinPlatformAgentDefault accepted container SecureJarResource(minecraft)
[09:38:07] [main/DEBUG] [mixin/]: Processing prepare() for PlatformAgent[MixinPlatformAgentDefault:SecureJarResource(minecraft)]
[09:38:07] [main/DEBUG] [mixin/]: Adding mixin platform agents for container SecureJarResource(blockreality)
[09:38:07] [main/DEBUG] [mixin/]: Instancing new MixinPlatformAgentMinecraftForge for SecureJarResource(blockreality)
[09:38:07] [main/DEBUG] [mixin/]: MixinPlatformAgentMinecraftForge rejected container SecureJarResource(blockreality)
[09:38:07] [main/DEBUG] [mixin/]: Instancing new MixinPlatformAgentDefault for SecureJarResource(blockreality)
[09:38:07] [main/DEBUG] [mixin/]: MixinPlatformAgentDefault accepted container SecureJarResource(blockreality)
[09:38:07] [main/DEBUG] [mixin/]: Processing prepare() for PlatformAgent[MixinPlatformAgentDefault:SecureJarResource(blockreality)]
[09:38:07] [main/DEBUG] [mixin/]: Adding mixin platform agents for container SecureJarResource(forge)
[09:38:07] [main/DEBUG] [mixin/]: Instancing new MixinPlatformAgentMinecraftForge for SecureJarResource(forge)
[09:38:07] [main/DEBUG] [mixin/]: MixinPlatformAgentMinecraftForge rejected container SecureJarResource(forge)
[09:38:07] [main/DEBUG] [mixin/]: Instancing new MixinPlatformAgentDefault for SecureJarResource(forge)
[09:38:07] [main/DEBUG] [mixin/]: MixinPlatformAgentDefault accepted container SecureJarResource(forge)
[09:38:07] [main/DEBUG] [mixin/]: Processing prepare() for PlatformAgent[MixinPlatformAgentDefault:SecureJarResource(forge)]
[09:38:07] [main/DEBUG] [mixin/]: inject() running with 4 agents
[09:38:07] [main/DEBUG] [mixin/]: Processing inject() for PlatformAgent[MixinPlatformAgentDefault:ModLauncher Root Container(ModLauncher:4f56a0a2)]
[09:38:07] [main/DEBUG] [mixin/]: Processing inject() for PlatformAgent[MixinPlatformAgentDefault:SecureJarResource(minecraft)]
[09:38:07] [main/DEBUG] [mixin/]: Processing inject() for PlatformAgent[MixinPlatformAgentDefault:SecureJarResource(blockreality)]
[09:38:07] [main/DEBUG] [mixin/]: Processing inject() for PlatformAgent[MixinPlatformAgentDefault:SecureJarResource(forge)]
[09:38:07] [main/INFO] [cp.mo.mo.LaunchServiceHandler/MODLAUNCHER]: Launching target 'forgeserveruserdev' with arguments [--gameDir, ., --nogui]
[09:38:07] [main/DEBUG] [mixin/]: Error cleaning class output directory: .mixin.out
[09:38:07] [main/DEBUG] [mixin/]: Preparing mixins for MixinEnvironment[DEFAULT]
[09:38:07] [main/DEBUG] [io.ne.ut.in.lo.InternalLoggerFactory/]: Using SLF4J as the default logging framework
[09:38:07] [main/DEBUG] [io.ne.ut.ResourceLeakDetector/]: -Dio.netty.leakDetection.level: simple
[09:38:07] [main/DEBUG] [io.ne.ut.ResourceLeakDetector/]: -Dio.netty.leakDetection.targetRecords: 4
[09:38:07] [main/DEBUG] [os.ut.FileUtil/]: No oshi.properties file found from ClassLoader cpw.mods.modlauncher.TransformingClassLoader@5854a18
[09:38:08] [main/DEBUG] [os.ut.FileUtil/]: Reading file /proc/self/auxv
[09:38:08] [main/DEBUG] [os.ut.FileUtil/]: Reading file /proc/self/auxv
[09:38:08] [main/DEBUG] [os.ut.FileUtil/]: Reading file /proc/stat
[09:38:08] [main/DEBUG] [os.ut.FileUtil/]: Reading file /sys/devices/system/cpu/cpu0/topology/core_id
[09:38:08] [main/DEBUG] [os.ut.FileUtil/]: Reading file /sys/devices/system/cpu/cpu0/topology/core_id
[09:38:08] [main/DEBUG] [os.ut.FileUtil/]: Reading file /sys/devices/system/cpu/cpu0/topology/physical_package_id
[09:38:08] [main/DEBUG] [os.ut.FileUtil/]: Reading file /sys/devices/system/cpu/cpu0/topology/physical_package_id
[09:38:08] [main/DEBUG] [os.ut.FileUtil/]: Reading file /sys/devices/system/cpu/cpu0/cpu_capacity
[09:38:08] [main/DEBUG] [os.ut.FileUtil/]: Reading file /sys/devices/system/cpu/cpu1/topology/core_id
[09:38:08] [main/DEBUG] [os.ut.FileUtil/]: Reading file /sys/devices/system/cpu/cpu1/topology/core_id
[09:38:08] [main/DEBUG] [os.ut.FileUtil/]: Reading file /sys/devices/system/cpu/cpu1/topology/physical_package_id
[09:38:08] [main/DEBUG] [os.ut.FileUtil/]: Reading file /sys/devices/system/cpu/cpu1/topology/physical_package_id
[09:38:08] [main/DEBUG] [os.ut.FileUtil/]: Reading file /sys/devices/system/cpu/cpu1/cpu_capacity
[09:38:08] [main/DEBUG] [os.ut.FileUtil/]: Reading file /sys/devices/system/cpu/cpu10/topology/core_id
[09:38:08] [main/DEBUG] [os.ut.FileUtil/]: Reading file /sys/devices/system/cpu/cpu10/topology/core_id
[09:38:08] [main/DEBUG] [os.ut.FileUtil/]: Reading file /sys/devices/system/cpu/cpu10/topology/physical_package_id
[09:38:08] [main/DEBUG] [os.ut.FileUtil/]: Reading file /sys/devices/system/cpu/cpu10/topology/physical_package_id
[09:38:08] [main/DEBUG] [os.ut.FileUtil/]: Reading file /sys/devices/system/cpu/cpu10/cpu_capacity
[09:38:08] [main/DEBUG] [os.ut.FileUtil/]: Reading file /sys/devices/system/cpu/cpu11/topology/core_id
[09:38:08] [main/DEBUG] [os.ut.FileUtil/]: Reading file /sys/devices/system/cpu/cpu11/topology/core_id
[09:38:08] [main/DEBUG] [os.ut.FileUtil/]: Reading file /sys/devices/system/cpu/cpu11/topology/physical_package_id
[09:38:08] [main/DEBUG] [os.ut.FileUtil/]: Reading file /sys/devices/system/cpu/cpu11/topology/physical_package_id
[09:38:08] [main/DEBUG] [os.ut.FileUtil/]: Reading file /sys/devices/system/cpu/cpu11/cpu_capacity
[09:38:08] [main/DEBUG] [os.ut.FileUtil/]: Reading file /sys/devices/system/cpu/cpu12/topology/core_id
[09:38:08] [main/DEBUG] [os.ut.FileUtil/]: Reading file /sys/devices/system/cpu/cpu12/topology/core_id
[09:38:08] [main/DEBUG] [os.ut.FileUtil/]: Reading file /sys/devices/system/cpu/cpu12/topology/physical_package_id
[09:38:08] [main/DEBUG] [os.ut.FileUtil/]: Reading file /sys/devices/system/cpu/cpu12/topology/physical_package_id
[09:38:08] [main/DEBUG] [os.ut.FileUtil/]: Reading file /sys/devices/system/cpu/cpu12/cpu_capacity
[09:38:08] [main/DEBUG] [os.ut.FileUtil/]: Reading file /sys/devices/system/cpu/cpu13/topology/core_id
[09:38:08] [main/DEBUG] [os.ut.FileUtil/]: Reading file /sys/devices/system/cpu/cpu13/topology/core_id
[09:38:08] [main/DEBUG] [os.ut.FileUtil/]: Reading file /sys/devices/system/cpu/cpu13/topology/physical_package_id
[09:38:08] [main/DEBUG] [os.ut.FileUtil/]: Reading file /sys/devices/system/cpu/cpu13/topology/physical_package_id
[09:38:08] [main/DEBUG] [os.ut.FileUtil/]: Reading file /sys/devices/system/cpu/cpu13/cpu_capacity
[09:38:08] [main/DEBUG] [os.ut.FileUtil/]: Reading file /sys/devices/system/cpu/cpu14/topology/core_id
[09:38:08] [main/DEBUG] [os.ut.FileUtil/]: Reading file /sys/devices/system/cpu/cpu14/topology/core_id
[09:38:08] [main/DEBUG] [os.ut.FileUtil/]: Reading file /sys/devices/system/cpu/cpu14/topology/physical_package_id
[09:38:08] [main/DEBUG] [os.ut.FileUtil/]: Reading file /sys/devices/system/cpu/cpu14/topology/physical_package_id
[09:38:08] [main/DEBUG] [os.ut.FileUtil/]: Reading file /sys/devices/system/cpu/cpu14/cpu_capacity
[09:38:08] [main/DEBUG] [os.ut.FileUtil/]: Reading file /sys/devices/system/cpu/cpu15/topology/core_id
[09:38:08] [main/DEBUG] [os.ut.FileUtil/]: Reading file /sys/devices/system/cpu/cpu15/topology/core_id
[09:38:08] [main/DEBUG] [os.ut.FileUtil/]: Reading file /sys/devices/system/cpu/cpu15/topology/physical_package_id
[09:38:08] [main/DEBUG] [os.ut.FileUtil/]: Reading file /sys/devices/system/cpu/cpu15/topology/physical_package_id
[09:38:08] [main/DEBUG] [os.ut.FileUtil/]: Reading file /sys/devices/system/cpu/cpu15/cpu_capacity
[09:38:08] [main/DEBUG] [os.ut.FileUtil/]: Reading file /sys/devices/system/cpu/cpu16/topology/core_id
[09:38:08] [main/DEBUG] [os.ut.FileUtil/]: Reading file /sys/devices/system/cpu/cpu16/topology/core_id
[09:38:08] [main/DEBUG] [os.ut.FileUtil/]: Reading file /sys/devices/system/cpu/cpu16/topology/physical_package_id
[09:38:08] [main/DEBUG] [os.ut.FileUtil/]: Reading file /sys/devices/system/cpu/cpu16/topology/physical_package_id
[09:38:08] [main/DEBUG] [os.ut.FileUtil/]: Reading file /sys/devices/system/cpu/cpu16/cpu_capacity
[09:38:08] [main/DEBUG] [os.ut.FileUtil/]: Reading file /sys/devices/system/cpu/cpu17/topology/core_id
[09:38:08] [main/DEBUG] [os.ut.FileUtil/]: Reading file /sys/devices/system/cpu/cpu17/topology/core_id
[09:38:08] [main/DEBUG] [os.ut.FileUtil/]: Reading file /sys/devices/system/cpu/cpu17/topology/physical_package_id
[09:38:08] [main/DEBUG] [os.ut.FileUtil/]: Reading file /sys/devices/system/cpu/cpu17/topology/physical_package_id
[09:38:08] [main/DEBUG] [os.ut.FileUtil/]: Reading file /sys/devices/system/cpu/cpu17/cpu_capacity
[09:38:08] [main/DEBUG] [os.ut.FileUtil/]: Reading file /sys/devices/system/cpu/cpu18/topology/core_id
[09:38:08] [main/DEBUG] [os.ut.FileUtil/]: Reading file /sys/devices/system/cpu/cpu18/topology/core_id
[09:38:08] [main/DEBUG] [os.ut.FileUtil/]: Reading file /sys/devices/system/cpu/cpu18/topology/physical_package_id
[09:38:08] [main/DEBUG] [os.ut.FileUtil/]: Reading file /sys/devices/system/cpu/cpu18/topology/physical_package_id
[09:38:08] [main/DEBUG] [os.ut.FileUtil/]: Reading file /sys/devices/system/cpu/cpu18/cpu_capacity
[09:38:08] [main/DEBUG] [os.ut.FileUtil/]: Reading file /sys/devices/system/cpu/cpu19/topology/core_id
[09:38:08] [main/DEBUG] [os.ut.FileUtil/]: Reading file /sys/devices/system/cpu/cpu19/topology/core_id
[09:38:08] [main/DEBUG] [os.ut.FileUtil/]: Reading file /sys/devices/system/cpu/cpu19/topology/physical_package_id
[09:38:08] [main/DEBUG] [os.ut.FileUtil/]: Reading file /sys/devices/system/cpu/cpu19/topology/physical_package_id
[09:38:08] [main/DEBUG] [os.ut.FileUtil/]: Reading file /sys/devices/system/cpu/cpu19/cpu_capacity
[09:38:08] [main/DEBUG] [os.ut.FileUtil/]: Reading file /sys/devices/system/cpu/cpu2/topology/core_id
[09:38:08] [main/DEBUG] [os.ut.FileUtil/]: Reading file /sys/devices/system/cpu/cpu2/topology/core_id
[09:38:08] [main/DEBUG] [os.ut.FileUtil/]: Reading file /sys/devices/system/cpu/cpu2/topology/physical_package_id
[09:38:08] [main/DEBUG] [os.ut.FileUtil/]: Reading file /sys/devices/system/cpu/cpu2/topology/physical_package_id
[09:38:08] [main/DEBUG] [os.ut.FileUtil/]: Reading file /sys/devices/system/cpu/cpu2/cpu_capacity
[09:38:08] [main/DEBUG] [os.ut.FileUtil/]: Reading file /sys/devices/system/cpu/cpu20/topology/core_id
[09:38:08] [main/DEBUG] [os.ut.FileUtil/]: Reading file /sys/devices/system/cpu/cpu20/topology/core_id
[09:38:08] [main/DEBUG] [os.ut.FileUtil/]: Reading file /sys/devices/system/cpu/cpu20/topology/physical_package_id
[09:38:08] [main/DEBUG] [os.ut.FileUtil/]: Reading file /sys/devices/system/cpu/cpu20/topology/physical_package_id
[09:38:08] [main/DEBUG] [os.ut.FileUtil/]: Reading file /sys/devices/system/cpu/cpu20/cpu_capacity
[09:38:08] [main/DEBUG] [os.ut.FileUtil/]: Reading file /sys/devices/system/cpu/cpu21/topology/core_id
[09:38:08] [main/DEBUG] [os.ut.FileUtil/]: Reading file /sys/devices/system/cpu/cpu21/topology/core_id
[09:38:08] [main/DEBUG] [os.ut.FileUtil/]: Reading file /sys/devices/system/cpu/cpu21/topology/physical_package_id
[09:38:08] [main/DEBUG] [os.ut.FileUtil/]: Reading file /sys/devices/system/cpu/cpu21/topology/physical_package_id
[09:38:08] [main/DEBUG] [os.ut.FileUtil/]: Reading file /sys/devices/system/cpu/cpu21/cpu_capacity
[09:38:08] [main/DEBUG] [os.ut.FileUtil/]: Reading file /sys/devices/system/cpu/cpu22/topology/core_id
[09:38:08] [main/DEBUG] [os.ut.FileUtil/]: Reading file /sys/devices/system/cpu/cpu22/topology/core_id
[09:38:08] [main/DEBUG] [os.ut.FileUtil/]: Reading file /sys/devices/system/cpu/cpu22/topology/physical_package_id
[09:38:08] [main/DEBUG] [os.ut.FileUtil/]: Reading file /sys/devices/system/cpu/cpu22/topology/physical_package_id
[09:38:08] [main/DEBUG] [os.ut.FileUtil/]: Reading file /sys/devices/system/cpu/cpu22/cpu_capacity
[09:38:08] [main/DEBUG] [os.ut.FileUtil/]: Reading file /sys/devices/system/cpu/cpu23/topology/core_id
[09:38:08] [main/DEBUG] [os.ut.FileUtil/]: Reading file /sys/devices/system/cpu/cpu23/topology/core_id
[09:38:08] [main/DEBUG] [os.ut.FileUtil/]: Reading file /sys/devices/system/cpu/cpu23/topology/physical_package_id
[09:38:08] [main/DEBUG] [os.ut.FileUtil/]: Reading file /sys/devices/system/cpu/cpu23/topology/physical_package_id
[09:38:08] [main/DEBUG] [os.ut.FileUtil/]: Reading file /sys/devices/system/cpu/cpu23/cpu_capacity
[09:38:08] [main/DEBUG] [os.ut.FileUtil/]: Reading file /sys/devices/system/cpu/cpu24/topology/core_id
[09:38:08] [main/DEBUG] [os.ut.FileUtil/]: Reading file /sys/devices/system/cpu/cpu24/topology/core_id
[09:38:08] [main/DEBUG] [os.ut.FileUtil/]: Reading file /sys/devices/system/cpu/cpu24/topology/physical_package_id
[09:38:08] [main/DEBUG] [os.ut.FileUtil/]: Reading file /sys/devices/system/cpu/cpu24/topology/physical_package_id
[09:38:08] [main/DEBUG] [os.ut.FileUtil/]: Reading file /sys/devices/system/cpu/cpu24/cpu_capacity
[09:38:08] [main/DEBUG] [os.ut.FileUtil/]: Reading file /sys/devices/system/cpu/cpu25/topology/core_id
[09:38:08] [main/DEBUG] [os.ut.FileUtil/]: Reading file /sys/devices/system/cpu/cpu25/topology/core_id
[09:38:08] [main/DEBUG] [os.ut.FileUtil/]: Reading file /sys/devices/system/cpu/cpu25/topology/physical_package_id
[09:38:08] [main/DEBUG] [os.ut.FileUtil/]: Reading file /sys/devices/system/cpu/cpu25/topology/physical_package_id
[09:38:08] [main/DEBUG] [os.ut.FileUtil/]: Reading file /sys/devices/system/cpu/cpu25/cpu_capacity
[09:38:08] [main/DEBUG] [os.ut.FileUtil/]: Reading file /sys/devices/system/cpu/cpu26/topology/core_id
[09:38:08] [main/DEBUG] [os.ut.FileUtil/]: Reading file /sys/devices/system/cpu/cpu26/topology/core_id
[09:38:08] [main/DEBUG] [os.ut.FileUtil/]: Reading file /sys/devices/system/cpu/cpu26/topology/physical_package_id
[09:38:08] [main/DEBUG] [os.ut.FileUtil/]: Reading file /sys/devices/system/cpu/cpu26/topology/physical_package_id
[09:38:08] [main/DEBUG] [os.ut.FileUtil/]: Reading file /sys/devices/system/cpu/cpu26/cpu_capacity
[09:38:08] [main/DEBUG] [os.ut.FileUtil/]: Reading file /sys/devices/system/cpu/cpu27/topology/core_id
[09:38:08] [main/DEBUG] [os.ut.FileUtil/]: Reading file /sys/devices/system/cpu/cpu27/topology/core_id
[09:38:08] [main/DEBUG] [os.ut.FileUtil/]: Reading file /sys/devices/system/cpu/cpu27/topology/physical_package_id
[09:38:08] [main/DEBUG] [os.ut.FileUtil/]: Reading file /sys/devices/system/cpu/cpu27/topology/physical_package_id
[09:38:08] [main/DEBUG] [os.ut.FileUtil/]: Reading file /sys/devices/system/cpu/cpu27/cpu_capacity
[09:38:08] [main/DEBUG] [os.ut.FileUtil/]: Reading file /sys/devices/system/cpu/cpu28/topology/core_id
[09:38:08] [main/DEBUG] [os.ut.FileUtil/]: Reading file /sys/devices/system/cpu/cpu28/topology/core_id
[09:38:08] [main/DEBUG] [os.ut.FileUtil/]: Reading file /sys/devices/system/cpu/cpu28/topology/physical_package_id
[09:38:08] [main/DEBUG] [os.ut.FileUtil/]: Reading file /sys/devices/system/cpu/cpu28/topology/physical_package_id
[09:38:08] [main/DEBUG] [os.ut.FileUtil/]: Reading file /sys/devices/system/cpu/cpu28/cpu_capacity
[09:38:08] [main/DEBUG] [os.ut.FileUtil/]: Reading file /sys/devices/system/cpu/cpu29/topology/core_id
[09:38:08] [main/DEBUG] [os.ut.FileUtil/]: Reading file /sys/devices/system/cpu/cpu29/topology/core_id
[09:38:08] [main/DEBUG] [os.ut.FileUtil/]: Reading file /sys/devices/system/cpu/cpu29/topology/physical_package_id
[09:38:08] [main/DEBUG] [os.ut.FileUtil/]: Reading file /sys/devices/system/cpu/cpu29/topology/physical_package_id
[09:38:08] [main/DEBUG] [os.ut.FileUtil/]: Reading file /sys/devices/system/cpu/cpu29/cpu_capacity
[09:38:08] [main/DEBUG] [os.ut.FileUtil/]: Reading file /sys/devices/system/cpu/cpu3/topology/core_id
[09:38:08] [main/DEBUG] [os.ut.FileUtil/]: Reading file /sys/devices/system/cpu/cpu3/topology/core_id
[09:38:08] [main/DEBUG] [os.ut.FileUtil/]: Reading file /sys/devices/system/cpu/cpu3/topology/physical_package_id
[09:38:08] [main/DEBUG] [os.ut.FileUtil/]: Reading file /sys/devices/system/cpu/cpu3/topology/physical_package_id
[09:38:08] [main/DEBUG] [os.ut.FileUtil/]: Reading file /sys/devices/system/cpu/cpu3/cpu_capacity
[09:38:08] [main/DEBUG] [os.ut.FileUtil/]: Reading file /sys/devices/system/cpu/cpu30/topology/core_id
[09:38:08] [main/DEBUG] [os.ut.FileUtil/]: Reading file /sys/devices/system/cpu/cpu30/topology/core_id
[09:38:08] [main/DEBUG] [os.ut.FileUtil/]: Reading file /sys/devices/system/cpu/cpu30/topology/physical_package_id
[09:38:08] [main/DEBUG] [os.ut.FileUtil/]: Reading file /sys/devices/system/cpu/cpu30/topology/physical_package_id
[09:38:08] [main/DEBUG] [os.ut.FileUtil/]: Reading file /sys/devices/system/cpu/cpu30/cpu_capacity
[09:38:08] [main/DEBUG] [os.ut.FileUtil/]: Reading file /sys/devices/system/cpu/cpu31/topology/core_id
[09:38:08] [main/DEBUG] [os.ut.FileUtil/]: Reading file /sys/devices/system/cpu/cpu31/topology/core_id
[09:38:08] [main/DEBUG] [os.ut.FileUtil/]: Reading file /sys/devices/system/cpu/cpu31/topology/physical_package_id
[09:38:08] [main/DEBUG] [os.ut.FileUtil/]: Reading file /sys/devices/system/cpu/cpu31/topology/physical_package_id
[09:38:08] [main/DEBUG] [os.ut.FileUtil/]: Reading file /sys/devices/system/cpu/cpu31/cpu_capacity
[09:38:08] [main/DEBUG] [os.ut.FileUtil/]: Reading file /sys/devices/system/cpu/cpu4/topology/core_id
[09:38:08] [main/DEBUG] [os.ut.FileUtil/]: Reading file /sys/devices/system/cpu/cpu4/topology/core_id
[09:38:08] [main/DEBUG] [os.ut.FileUtil/]: Reading file /sys/devices/system/cpu/cpu4/topology/physical_package_id
[09:38:08] [main/DEBUG] [os.ut.FileUtil/]: Reading file /sys/devices/system/cpu/cpu4/topology/physical_package_id
[09:38:08] [main/DEBUG] [os.ut.FileUtil/]: Reading file /sys/devices/system/cpu/cpu4/cpu_capacity
[09:38:08] [main/DEBUG] [os.ut.FileUtil/]: Reading file /sys/devices/system/cpu/cpu5/topology/core_id
[09:38:08] [main/DEBUG] [os.ut.FileUtil/]: Reading file /sys/devices/system/cpu/cpu5/topology/core_id
[09:38:08] [main/DEBUG] [os.ut.FileUtil/]: Reading file /sys/devices/system/cpu/cpu5/topology/physical_package_id
[09:38:08] [main/DEBUG] [os.ut.FileUtil/]: Reading file /sys/devices/system/cpu/cpu5/topology/physical_package_id
[09:38:08] [main/DEBUG] [os.ut.FileUtil/]: Reading file /sys/devices/system/cpu/cpu5/cpu_capacity
[09:38:08] [main/DEBUG] [os.ut.FileUtil/]: Reading file /sys/devices/system/cpu/cpu6/topology/core_id
[09:38:08] [main/DEBUG] [os.ut.FileUtil/]: Reading file /sys/devices/system/cpu/cpu6/topology/core_id
[09:38:08] [main/DEBUG] [os.ut.FileUtil/]: Reading file /sys/devices/system/cpu/cpu6/topology/physical_package_id
[09:38:08] [main/DEBUG] [os.ut.FileUtil/]: Reading file /sys/devices/system/cpu/cpu6/topology/physical_package_id
[09:38:08] [main/DEBUG] [os.ut.FileUtil/]: Reading file /sys/devices/system/cpu/cpu6/cpu_capacity
[09:38:08] [main/DEBUG] [os.ut.FileUtil/]: Reading file /sys/devices/system/cpu/cpu7/topology/core_id
[09:38:08] [main/DEBUG] [os.ut.FileUtil/]: Reading file /sys/devices/system/cpu/cpu7/topology/core_id
[09:38:08] [main/DEBUG] [os.ut.FileUtil/]: Reading file /sys/devices/system/cpu/cpu7/topology/physical_package_id
[09:38:08] [main/DEBUG] [os.ut.FileUtil/]: Reading file /sys/devices/system/cpu/cpu7/topology/physical_package_id
[09:38:08] [main/DEBUG] [os.ut.FileUtil/]: Reading file /sys/devices/system/cpu/cpu7/cpu_capacity
[09:38:08] [main/DEBUG] [os.ut.FileUtil/]: Reading file /sys/devices/system/cpu/cpu8/topology/core_id
[09:38:08] [main/DEBUG] [os.ut.FileUtil/]: Reading file /sys/devices/system/cpu/cpu8/topology/core_id
[09:38:08] [main/DEBUG] [os.ut.FileUtil/]: Reading file /sys/devices/system/cpu/cpu8/topology/physical_package_id
[09:38:08] [main/DEBUG] [os.ut.FileUtil/]: Reading file /sys/devices/system/cpu/cpu8/topology/physical_package_id
[09:38:08] [main/DEBUG] [os.ut.FileUtil/]: Reading file /sys/devices/system/cpu/cpu8/cpu_capacity
[09:38:08] [main/DEBUG] [os.ut.FileUtil/]: Reading file /sys/devices/system/cpu/cpu9/topology/core_id
[09:38:08] [main/DEBUG] [os.ut.FileUtil/]: Reading file /sys/devices/system/cpu/cpu9/topology/core_id
[09:38:08] [main/DEBUG] [os.ut.FileUtil/]: Reading file /sys/devices/system/cpu/cpu9/topology/physical_package_id
[09:38:08] [main/DEBUG] [os.ut.FileUtil/]: Reading file /sys/devices/system/cpu/cpu9/topology/physical_package_id
[09:38:08] [main/DEBUG] [os.ut.FileUtil/]: Reading file /sys/devices/system/cpu/cpu9/cpu_capacity
[09:38:08] [main/DEBUG] [os.ut.FileUtil/]: Reading file /proc/cpuinfo
[09:38:08] [main/DEBUG] [os.ut.FileUtil/]: Reading file /proc/self/auxv
[09:38:08] [main/DEBUG] [os.ut.FileUtil/]: No oshi.architecture.properties file found from ClassLoader cpw.mods.modlauncher.TransformingClassLoader@5854a18
[09:38:08] [main/DEBUG] [os.ut.FileUtil/]: Reading file /proc/meminfo
[09:38:08] [main/DEBUG] [os.ut.FileUtil/]: Reading file /proc/meminfo
[09:38:08] [main/DEBUG] [ne.mi.co.tr.CoreModBaseTransformer/COREMOD]: Transforming net/minecraft/world/entity/EntityType
[09:38:09] [main/DEBUG] [ne.mi.co.tr.CoreModBaseTransformer/COREMOD]: Transforming net/minecraft/world/level/block/LiquidBlock
[09:38:09] [main/DEBUG] [ne.mi.co.tr.CoreModBaseTransformer/COREMOD]: Transforming net/minecraft/world/level/block/StairBlock
[09:38:09] [main/DEBUG] [ne.mi.co.tr.CoreModBaseTransformer/COREMOD]: Transforming net/minecraft/world/level/block/FlowerPotBlock
[09:38:09] [main/DEBUG] [ne.mi.co.tr.CoreModBaseTransformer/COREMOD]: Transforming net/minecraft/world/item/ItemStack
[09:38:10] [main/DEBUG] [ne.mi.co.tr.CoreModBaseTransformer/COREMOD]: Transforming net/minecraft/world/entity/animal/frog/Tadpole
[09:38:10] [main/DEBUG] [ne.mi.co.tr.CoreModBaseTransformer/COREMOD]: Transforming net/minecraft/world/item/BucketItem
[09:38:10] [main/DEBUG] [ne.mi.co.tr.CoreModBaseTransformer/COREMOD]: Transforming net/minecraft/world/entity/monster/Spider
[09:38:10] [main/DEBUG] [ne.mi.co.tr.CoreModBaseTransformer/COREMOD]: Transforming net/minecraft/world/entity/monster/Zombie
[09:38:10] [main/DEBUG] [ne.mi.co.tr.CoreModBaseTransformer/COREMOD]: Transforming net/minecraft/world/entity/monster/ZombieVillager
[09:38:10] [main/DEBUG] [ne.mi.co.tr.CoreModBaseTransformer/COREMOD]: Transforming net/minecraft/world/entity/monster/Evoker$EvokerSummonSpellGoal
[09:38:11] [main/DEBUG] [ne.mi.co.tr.CoreModBaseTransformer/COREMOD]: Transforming net/minecraft/world/entity/animal/horse/SkeletonTrapGoal
[09:38:11] [main/DEBUG] [ne.mi.co.tr.CoreModBaseTransformer/COREMOD]: Transforming net/minecraft/world/entity/monster/Strider
[09:38:11] [main/DEBUG] [ne.mi.co.tr.CoreModBaseTransformer/COREMOD]: Transforming net/minecraft/world/entity/npc/Villager
[09:38:11] [main/DEBUG] [ne.mi.co.tr.CoreModBaseTransformer/COREMOD]: Transforming net/minecraft/world/effect/MobEffectInstance
[09:38:11] [main/DEBUG] [ne.mi.co.tr.CoreModBaseTransformer/COREMOD]: Transforming net/minecraft/world/level/levelgen/structure/Structure
[09:38:11] [main/DEBUG] [ne.mi.co.tr.CoreModBaseTransformer/COREMOD]: Transforming net/minecraft/world/level/levelgen/structure/structures/OceanRuinPieces$OceanRuinPiece
[09:38:11] [main/DEBUG] [ne.mi.co.tr.CoreModBaseTransformer/COREMOD]: Transforming net/minecraft/world/level/levelgen/structure/structures/SwampHutPiece
[09:38:11] [main/DEBUG] [ne.mi.co.tr.CoreModBaseTransformer/COREMOD]: Transforming net/minecraft/world/level/levelgen/structure/structures/OceanMonumentPieces$OceanMonumentPiece
[09:38:11] [main/DEBUG] [ne.mi.co.tr.CoreModBaseTransformer/COREMOD]: Transforming net/minecraft/world/level/levelgen/structure/structures/WoodlandMansionPieces$WoodlandMansionPiece
[09:38:11] [main/DEBUG] [ne.mi.co.tr.CoreModBaseTransformer/COREMOD]: Transforming net/minecraft/world/level/biome/Biome
[09:38:11] [main/DEBUG] [ne.mi.re.GameData/REGISTRIES]: Creating vanilla freeze snapshot
[09:38:11] [main/DEBUG] [ne.mi.re.ForgeRegistry/REGISTRIES]: Registry minecraft:block Sync: VANILLA -> ACTIVE
[09:38:11] [main/DEBUG] [ne.mi.re.ForgeRegistry/REGISTRIES]: Registry minecraft:fluid Sync: VANILLA -> ACTIVE
[09:38:11] [main/DEBUG] [ne.mi.re.ForgeRegistry/REGISTRIES]: Registry minecraft:item Sync: VANILLA -> ACTIVE
[09:38:11] [main/DEBUG] [ne.mi.re.ForgeRegistry/REGISTRIES]: Registry minecraft:mob_effect Sync: VANILLA -> ACTIVE
[09:38:11] [main/DEBUG] [ne.mi.re.ForgeRegistry/REGISTRIES]: Registry minecraft:sound_event Sync: VANILLA -> ACTIVE
[09:38:11] [main/DEBUG] [ne.mi.re.ForgeRegistry/REGISTRIES]: Registry minecraft:potion Sync: VANILLA -> ACTIVE
[09:38:11] [main/DEBUG] [ne.mi.re.ForgeRegistry/REGISTRIES]: Registry minecraft:enchantment Sync: VANILLA -> ACTIVE
[09:38:11] [main/DEBUG] [ne.mi.re.ForgeRegistry/REGISTRIES]: Registry minecraft:entity_type Sync: VANILLA -> ACTIVE
[09:38:11] [main/DEBUG] [ne.mi.re.ForgeRegistry/REGISTRIES]: Registry minecraft:block_entity_type Sync: VANILLA -> ACTIVE
[09:38:11] [main/DEBUG] [ne.mi.re.ForgeRegistry/REGISTRIES]: Registry minecraft:particle_type Sync: VANILLA -> ACTIVE
[09:38:11] [main/DEBUG] [ne.mi.re.ForgeRegistry/REGISTRIES]: Registry minecraft:menu Sync: VANILLA -> ACTIVE
[09:38:11] [main/DEBUG] [ne.mi.re.ForgeRegistry/REGISTRIES]: Registry minecraft:painting_variant Sync: VANILLA -> ACTIVE
[09:38:11] [main/DEBUG] [ne.mi.re.ForgeRegistry/REGISTRIES]: Registry minecraft:recipe_type Sync: VANILLA -> ACTIVE
[09:38:11] [main/DEBUG] [ne.mi.re.ForgeRegistry/REGISTRIES]: Registry minecraft:recipe_serializer Sync: VANILLA -> ACTIVE
[09:38:11] [main/DEBUG] [ne.mi.re.ForgeRegistry/REGISTRIES]: Registry minecraft:attribute Sync: VANILLA -> ACTIVE
[09:38:11] [main/DEBUG] [ne.mi.re.ForgeRegistry/REGISTRIES]: Registry minecraft:stat_type Sync: VANILLA -> ACTIVE
[09:38:11] [main/DEBUG] [ne.mi.re.ForgeRegistry/REGISTRIES]: Registry minecraft:command_argument_type Sync: VANILLA -> ACTIVE
[09:38:11] [main/DEBUG] [ne.mi.re.ForgeRegistry/REGISTRIES]: Registry minecraft:villager_profession Sync: VANILLA -> ACTIVE
[09:38:11] [main/DEBUG] [ne.mi.re.ForgeRegistry/REGISTRIES]: Registry minecraft:point_of_interest_type Sync: VANILLA -> ACTIVE
[09:38:11] [main/DEBUG] [ne.mi.re.ForgeRegistry/REGISTRIES]: Registry minecraft:memory_module_type Sync: VANILLA -> ACTIVE
[09:38:11] [main/DEBUG] [ne.mi.re.ForgeRegistry/REGISTRIES]: Registry minecraft:sensor_type Sync: VANILLA -> ACTIVE
[09:38:11] [main/DEBUG] [ne.mi.re.ForgeRegistry/REGISTRIES]: Registry minecraft:schedule Sync: VANILLA -> ACTIVE
[09:38:11] [main/DEBUG] [ne.mi.re.ForgeRegistry/REGISTRIES]: Registry minecraft:activity Sync: VANILLA -> ACTIVE
[09:38:11] [main/DEBUG] [ne.mi.re.ForgeRegistry/REGISTRIES]: Registry minecraft:worldgen/carver Sync: VANILLA -> ACTIVE
[09:38:11] [main/DEBUG] [ne.mi.re.ForgeRegistry/REGISTRIES]: Registry minecraft:worldgen/feature Sync: VANILLA -> ACTIVE
[09:38:11] [main/DEBUG] [ne.mi.re.ForgeRegistry/REGISTRIES]: Registry minecraft:chunk_status Sync: VANILLA -> ACTIVE
[09:38:11] [main/DEBUG] [ne.mi.re.ForgeRegistry/REGISTRIES]: Registry minecraft:worldgen/block_state_provider_type Sync: VANILLA -> ACTIVE
[09:38:11] [main/DEBUG] [ne.mi.re.ForgeRegistry/REGISTRIES]: Registry minecraft:worldgen/foliage_placer_type Sync: VANILLA -> ACTIVE
[09:38:11] [main/DEBUG] [ne.mi.re.ForgeRegistry/REGISTRIES]: Registry minecraft:worldgen/tree_decorator_type Sync: VANILLA -> ACTIVE
[09:38:11] [main/DEBUG] [ne.mi.re.ForgeRegistry/REGISTRIES]: Registry minecraft:worldgen/biome Sync: VANILLA -> ACTIVE
[09:38:11] [main/DEBUG] [ne.mi.re.GameData/REGISTRIES]: Vanilla freeze snapshot created
[09:38:11] [main/DEBUG] [io.ne.ut.in.PlatformDependent0/]: -Dio.netty.noUnsafe: false
[09:38:11] [main/DEBUG] [io.ne.ut.in.PlatformDependent0/]: Java version: 17
[09:38:11] [main/DEBUG] [io.ne.ut.in.PlatformDependent0/]: sun.misc.Unsafe.theUnsafe: available
[09:38:11] [main/DEBUG] [io.ne.ut.in.PlatformDependent0/]: sun.misc.Unsafe.copyMemory: available
[09:38:11] [main/DEBUG] [io.ne.ut.in.PlatformDependent0/]: sun.misc.Unsafe.storeFence: available
[09:38:11] [main/DEBUG] [io.ne.ut.in.PlatformDependent0/]: java.nio.Buffer.address: available
[09:38:11] [main/DEBUG] [io.ne.ut.in.PlatformDependent0/]: direct buffer constructor: unavailable
java.lang.UnsupportedOperationException: Reflective setAccessible(true) disabled
	at io.netty.util.internal.ReflectionUtil.trySetAccessible(ReflectionUtil.java:31) ~[netty-common-4.1.82.Final.jar:4.1.82.Final] {}
	at io.netty.util.internal.PlatformDependent0$5.run(PlatformDependent0.java:288) ~[netty-common-4.1.82.Final.jar:4.1.82.Final] {}
	at java.security.AccessController.doPrivileged(AccessController.java:318) ~[?:?] {}
	at io.netty.util.internal.PlatformDependent0.<clinit>(PlatformDependent0.java:282) ~[netty-common-4.1.82.Final.jar:4.1.82.Final] {}
	at io.netty.util.internal.PlatformDependent.isAndroid(PlatformDependent.java:333) ~[netty-common-4.1.82.Final.jar:4.1.82.Final] {}
	at io.netty.util.internal.PlatformDependent.<clinit>(PlatformDependent.java:88) ~[netty-common-4.1.82.Final.jar:4.1.82.Final] {}
	at io.netty.util.ConstantPool.<init>(ConstantPool.java:34) ~[netty-common-4.1.82.Final.jar:4.1.82.Final] {}
	at io.netty.util.AttributeKey$1.<init>(AttributeKey.java:27) ~[netty-common-4.1.82.Final.jar:4.1.82.Final] {}
	at io.netty.util.AttributeKey.<clinit>(AttributeKey.java:27) ~[netty-common-4.1.82.Final.jar:4.1.82.Final] {}
	at net.minecraftforge.network.NetworkConstants.<clinit>(NetworkConstants.java:34) ~[forge-1.20.1-47.4.13_mapped_official_1.20.1.jar:?] {re:classloading}
	at net.minecraftforge.network.NetworkHooks.init(NetworkHooks.java:52) ~[forge-1.20.1-47.4.13_mapped_official_1.20.1.jar:?] {re:classloading}
	at net.minecraft.server.Bootstrap.bootStrap(Bootstrap.java:62) ~[forge-1.20.1-47.4.13_mapped_official_1.20.1.jar:?] {re:classloading}
	at net.minecraft.server.Main.main(Main.java:121) ~[forge-1.20.1-47.4.13_mapped_official_1.20.1.jar:?] {re:classloading}
	at jdk.internal.reflect.NativeMethodAccessorImpl.invoke0(Native Method) ~[?:?] {}
	at jdk.internal.reflect.NativeMethodAccessorImpl.invoke(NativeMethodAccessorImpl.java:77) ~[?:?] {}
	at jdk.internal.reflect.DelegatingMethodAccessorImpl.invoke(DelegatingMethodAccessorImpl.java:43) ~[?:?] {}
	at java.lang.reflect.Method.invoke(Method.java:569) ~[?:?] {}
	at net.minecraftforge.fml.loading.targets.CommonLaunchHandler.runTarget(CommonLaunchHandler.java:111) ~[fmlloader-1.20.1-47.4.13.jar:?] {}
	at net.minecraftforge.fml.loading.targets.CommonLaunchHandler.serverService(CommonLaunchHandler.java:103) ~[fmlloader-1.20.1-47.4.13.jar:?] {}
	at net.minecraftforge.fml.loading.targets.ForgeServerUserdevLaunchHandler.devService(ForgeServerUserdevLaunchHandler.java:16) ~[fmlloader-1.20.1-47.4.13.jar:?] {}
	at net.minecraftforge.fml.loading.targets.CommonDevLaunchHandler.lambda$makeService$7(CommonDevLaunchHandler.java:135) ~[fmlloader-1.20.1-47.4.13.jar:?] {}
	at cpw.mods.modlauncher.LaunchServiceHandlerDecorator.launch(LaunchServiceHandlerDecorator.java:30) ~[modlauncher-10.0.9.jar:?] {}
	at cpw.mods.modlauncher.LaunchServiceHandler.launch(LaunchServiceHandler.java:53) ~[modlauncher-10.0.9.jar:?] {}
	at cpw.mods.modlauncher.LaunchServiceHandler.launch(LaunchServiceHandler.java:71) ~[modlauncher-10.0.9.jar:?] {}
	at cpw.mods.modlauncher.Launcher.run(Launcher.java:108) ~[modlauncher-10.0.9.jar:?] {}
	at cpw.mods.modlauncher.Launcher.main(Launcher.java:78) ~[modlauncher-10.0.9.jar:?] {}
	at cpw.mods.modlauncher.BootstrapLaunchConsumer.accept(BootstrapLaunchConsumer.java:26) ~[modlauncher-10.0.9.jar:?] {}
	at cpw.mods.modlauncher.BootstrapLaunchConsumer.accept(BootstrapLaunchConsumer.java:23) ~[modlauncher-10.0.9.jar:?] {}
	at cpw.mods.bootstraplauncher.BootstrapLauncher.main(BootstrapLauncher.java:141) ~[bootstraplauncher-1.1.2.jar:?] {}
[09:38:11] [main/DEBUG] [io.ne.ut.in.PlatformDependent0/]: java.nio.Bits.unaligned: available, true
[09:38:11] [main/DEBUG] [io.ne.ut.in.PlatformDependent0/]: jdk.internal.misc.Unsafe.allocateUninitializedArray(int): unavailable
java.lang.IllegalAccessException: class io.netty.util.internal.PlatformDependent0$7 (in module io.netty.common) cannot access class jdk.internal.misc.Unsafe (in module java.base) because module java.base does not export jdk.internal.misc to module io.netty.common
	at jdk.internal.reflect.Reflection.newIllegalAccessException(Reflection.java:392) ~[?:?] {}
	at java.lang.reflect.AccessibleObject.checkAccess(AccessibleObject.java:674) ~[?:?] {}
	at java.lang.reflect.Method.invoke(Method.java:561) ~[?:?] {}
	at io.netty.util.internal.PlatformDependent0$7.run(PlatformDependent0.java:410) ~[netty-common-4.1.82.Final.jar:4.1.82.Final] {}
	at java.security.AccessController.doPrivileged(AccessController.java:318) ~[?:?] {}
	at io.netty.util.internal.PlatformDependent0.<clinit>(PlatformDependent0.java:401) ~[netty-common-4.1.82.Final.jar:4.1.82.Final] {}
	at io.netty.util.internal.PlatformDependent.isAndroid(PlatformDependent.java:333) ~[netty-common-4.1.82.Final.jar:4.1.82.Final] {}
	at io.netty.util.internal.PlatformDependent.<clinit>(PlatformDependent.java:88) ~[netty-common-4.1.82.Final.jar:4.1.82.Final] {}
	at io.netty.util.ConstantPool.<init>(ConstantPool.java:34) ~[netty-common-4.1.82.Final.jar:4.1.82.Final] {}
	at io.netty.util.AttributeKey$1.<init>(AttributeKey.java:27) ~[netty-common-4.1.82.Final.jar:4.1.82.Final] {}
	at io.netty.util.AttributeKey.<clinit>(AttributeKey.java:27) ~[netty-common-4.1.82.Final.jar:4.1.82.Final] {}
	at net.minecraftforge.network.NetworkConstants.<clinit>(NetworkConstants.java:34) ~[forge-1.20.1-47.4.13_mapped_official_1.20.1.jar:?] {re:classloading}
	at net.minecraftforge.network.NetworkHooks.init(NetworkHooks.java:52) ~[forge-1.20.1-47.4.13_mapped_official_1.20.1.jar:?] {re:classloading}
	at net.minecraft.server.Bootstrap.bootStrap(Bootstrap.java:62) ~[forge-1.20.1-47.4.13_mapped_official_1.20.1.jar:?] {re:classloading}
	at net.minecraft.server.Main.main(Main.java:121) ~[forge-1.20.1-47.4.13_mapped_official_1.20.1.jar:?] {re:classloading}
	at jdk.internal.reflect.NativeMethodAccessorImpl.invoke0(Native Method) ~[?:?] {}
	at jdk.internal.reflect.NativeMethodAccessorImpl.invoke(NativeMethodAccessorImpl.java:77) ~[?:?] {}
	at jdk.internal.reflect.DelegatingMethodAccessorImpl.invoke(DelegatingMethodAccessorImpl.java:43) ~[?:?] {}
	at java.lang.reflect.Method.invoke(Method.java:569) ~[?:?] {}
	at net.minecraftforge.fml.loading.targets.CommonLaunchHandler.runTarget(CommonLaunchHandler.java:111) ~[fmlloader-1.20.1-47.4.13.jar:?] {}
	at net.minecraftforge.fml.loading.targets.CommonLaunchHandler.serverService(CommonLaunchHandler.java:103) ~[fmlloader-1.20.1-47.4.13.jar:?] {}
	at net.minecraftforge.fml.loading.targets.ForgeServerUserdevLaunchHandler.devService(ForgeServerUserdevLaunchHandler.java:16) ~[fmlloader-1.20.1-47.4.13.jar:?] {}
	at net.minecraftforge.fml.loading.targets.CommonDevLaunchHandler.lambda$makeService$7(CommonDevLaunchHandler.java:135) ~[fmlloader-1.20.1-47.4.13.jar:?] {}
	at cpw.mods.modlauncher.LaunchServiceHandlerDecorator.launch(LaunchServiceHandlerDecorator.java:30) ~[modlauncher-10.0.9.jar:?] {}
	at cpw.mods.modlauncher.LaunchServiceHandler.launch(LaunchServiceHandler.java:53) ~[modlauncher-10.0.9.jar:?] {}
	at cpw.mods.modlauncher.LaunchServiceHandler.launch(LaunchServiceHandler.java:71) ~[modlauncher-10.0.9.jar:?] {}
	at cpw.mods.modlauncher.Launcher.run(Launcher.java:108) ~[modlauncher-10.0.9.jar:?] {}
	at cpw.mods.modlauncher.Launcher.main(Launcher.java:78) ~[modlauncher-10.0.9.jar:?] {}
	at cpw.mods.modlauncher.BootstrapLaunchConsumer.accept(BootstrapLaunchConsumer.java:26) ~[modlauncher-10.0.9.jar:?] {}
	at cpw.mods.modlauncher.BootstrapLaunchConsumer.accept(BootstrapLaunchConsumer.java:23) ~[modlauncher-10.0.9.jar:?] {}
	at cpw.mods.bootstraplauncher.BootstrapLauncher.main(BootstrapLauncher.java:141) ~[bootstraplauncher-1.1.2.jar:?] {}
[09:38:11] [main/DEBUG] [io.ne.ut.in.PlatformDependent0/]: java.nio.DirectByteBuffer.<init>(long, int): unavailable
[09:38:11] [main/DEBUG] [io.ne.ut.in.PlatformDependent/]: sun.misc.Unsafe: available
[09:38:11] [main/DEBUG] [io.ne.ut.in.PlatformDependent/]: maxDirectMemory: 2147483648 bytes (maybe)
[09:38:11] [main/DEBUG] [io.ne.ut.in.PlatformDependent/]: -Dio.netty.tmpdir: /tmp (java.io.tmpdir)
[09:38:11] [main/DEBUG] [io.ne.ut.in.PlatformDependent/]: -Dio.netty.bitMode: 64 (sun.arch.data.model)
[09:38:11] [main/DEBUG] [io.ne.ut.in.PlatformDependent/]: -Dio.netty.maxDirectMemory: -1 bytes
[09:38:11] [main/DEBUG] [io.ne.ut.in.PlatformDependent/]: -Dio.netty.uninitializedArrayAllocationThreshold: -1
[09:38:11] [main/DEBUG] [io.ne.ut.in.CleanerJava9/]: java.nio.ByteBuffer.cleaner(): available
[09:38:11] [main/DEBUG] [io.ne.ut.in.PlatformDependent/]: -Dio.netty.noPreferDirect: false
[09:38:11] [main/DEBUG] [ne.mi.ne.NetworkHooks/]: Loading Network data for FML net version: FML3
[09:38:12] [main/DEBUG] [ne.mi.co.ForgeI18n/CORE]: Loading I18N data entries: 6434
[09:38:12] [main/DEBUG] [ne.mi.fm.ModWorkManager/LOADING]: Using 32 threads for parallel mod-loading
[09:38:12] [main/DEBUG] [ne.mi.fm.ja.FMLJavaModLanguageProvider/LOADING]: Loading FMLModContainer from classloader cpw.mods.modlauncher.TransformingClassLoader@5854a18 - got cpw.mods.cl.ModuleClassLoader@6f8d7714
[09:38:12] [main/DEBUG] [ne.mi.fm.ja.FMLModContainer/LOADING]: Creating FMLModContainer instance for com.blockreality.impl.BlockRealityMod
[09:38:12] [main/DEBUG] [ne.mi.fm.ja.FMLJavaModLanguageProvider/LOADING]: Loading FMLModContainer from classloader cpw.mods.modlauncher.TransformingClassLoader@5854a18 - got cpw.mods.cl.ModuleClassLoader@6f8d7714
[09:38:12] [main/DEBUG] [ne.mi.fm.ja.FMLModContainer/LOADING]: Creating FMLModContainer instance for net.minecraftforge.common.ForgeMod
[09:38:12] [modloading-worker-0/DEBUG] [ne.mi.ve.fo.ForgeVersion/CORE]: Forge Version package package net.minecraftforge.versions.forge, Forge, version 47.4 from cpw.mods.modlauncher.TransformingClassLoader@5854a18
[09:38:12] [modloading-worker-0/DEBUG] [ne.mi.fm.co.ConfigTracker/CONFIG]: Config file blockreality-server.toml for blockreality tracking
[09:38:12] [modloading-worker-0/DEBUG] [ne.mi.ve.fo.ForgeVersion/CORE]: Found Forge version 47.4.13
[09:38:12] [modloading-worker-0/DEBUG] [ne.mi.ve.fo.ForgeVersion/CORE]: Found Forge spec 47.4
[09:38:12] [modloading-worker-0/DEBUG] [ne.mi.ve.fo.ForgeVersion/CORE]: Found Forge group net.minecraftforge
[09:38:12] [modloading-worker-0/DEBUG] [ne.mi.ve.mc.MCPVersion/CORE]: MCP Version package package net.minecraftforge.versions.mcp, Minecraft, version 1.20.1 from cpw.mods.modlauncher.TransformingClassLoader@5854a18
[09:38:12] [modloading-worker-0/DEBUG] [ne.mi.ve.mc.MCPVersion/CORE]: Found MC version information 1.20.1
[09:38:12] [modloading-worker-0/DEBUG] [ne.mi.ve.mc.MCPVersion/CORE]: Found MCP version information 20230612.114412
[09:38:12] [modloading-worker-0/INFO] [ne.mi.co.ForgeMod/FORGEMOD]: Forge mod loading, version 47.4.13, for MC 1.20.1 with MCP 20230612.114412
[09:38:12] [modloading-worker-0/INFO] [ne.mi.co.MinecraftForge/FORGE]: MinecraftForge v47.4.13 Initialized
[09:38:12] [modloading-worker-0/DEBUG] [ne.mi.fm.co.ConfigTracker/CONFIG]: Config file forge-client.toml for forge tracking
[09:38:12] [modloading-worker-0/DEBUG] [ne.mi.fm.co.ConfigTracker/CONFIG]: Config file forge-server.toml for forge tracking
[09:38:12] [modloading-worker-0/DEBUG] [ne.mi.fm.ModLoadingContext/]: Attempted to register an empty config for type COMMON on mod forge
[09:38:12] [modloading-worker-0/DEBUG] [ne.mi.fm.ja.AutomaticEventSubscriber/LOADING]: Attempting to inject @EventBusSubscriber classes into the eventbus for blockreality
[09:38:12] [modloading-worker-0/DEBUG] [ne.mi.fm.ja.AutomaticEventSubscriber/LOADING]: Auto-subscribing com.blockreality.impl.server.RenderServerProbe to FORGE
[09:38:12] [modloading-worker-0/DEBUG] [ne.mi.fm.ja.AutomaticEventSubscriber/LOADING]: Attempting to inject @EventBusSubscriber classes into the eventbus for forge
[09:38:12] [modloading-worker-0/DEBUG] [ne.mi.fm.ja.AutomaticEventSubscriber/LOADING]: Auto-subscribing net.minecraftforge.common.ForgeSpawnEggItem$CommonHandler to MOD
[09:38:12] [main/DEBUG] [ne.mi.re.ObjectHolderRegistry/REGISTRIES]: Processing ObjectHolder annotations
[09:38:12] [main/DEBUG] [ne.mi.re.ObjectHolderRegistry/REGISTRIES]: Found 3864 ObjectHolder annotations
[09:38:12] [main/DEBUG] [ne.mi.co.ca.CapabilityManager/CAPABILITIES]: Attempting to automatically register: Lnet/minecraftforge/energy/IEnergyStorage;
[09:38:12] [main/DEBUG] [ne.mi.co.ca.CapabilityManager/CAPABILITIES]: Attempting to automatically register: Lnet/minecraftforge/fluids/capability/IFluidHandler;
[09:38:12] [main/DEBUG] [ne.mi.co.ca.CapabilityManager/CAPABILITIES]: Attempting to automatically register: Lnet/minecraftforge/fluids/capability/IFluidHandlerItem;
[09:38:12] [main/DEBUG] [ne.mi.co.ca.CapabilityManager/CAPABILITIES]: Attempting to automatically register: Lnet/minecraftforge/items/IItemHandler;
[09:38:12] [main/DEBUG] [ne.mi.re.GameData/REGISTRIES]: Unfreezing vanilla registries
[09:38:12] [main/DEBUG] [ne.mi.re.GameData/REGISTRIES]: Applying holder lookups: minecraft:sound_event
[09:38:12] [main/DEBUG] [ne.mi.re.GameData/REGISTRIES]: Holder lookups applied: minecraft:sound_event
[09:38:12] [main/DEBUG] [ne.mi.re.GameData/REGISTRIES]: Applying holder lookups: minecraft:fluid
[09:38:12] [main/DEBUG] [ne.mi.re.GameData/REGISTRIES]: Holder lookups applied: minecraft:fluid
[09:38:12] [main/DEBUG] [ne.mi.re.GameData/REGISTRIES]: Applying holder lookups: minecraft:block
[09:38:12] [main/DEBUG] [ne.mi.re.GameData/REGISTRIES]: Holder lookups applied: minecraft:block
[09:38:12] [main/DEBUG] [ne.mi.re.GameData/REGISTRIES]: Applying holder lookups: minecraft:attribute
[09:38:12] [main/DEBUG] [ne.mi.re.GameData/REGISTRIES]: Holder lookups applied: minecraft:attribute
[09:38:12] [main/DEBUG] [ne.mi.re.GameData/REGISTRIES]: Applying holder lookups: minecraft:mob_effect
[09:38:12] [main/DEBUG] [ne.mi.re.GameData/REGISTRIES]: Holder lookups applied: minecraft:mob_effect
[09:38:12] [main/DEBUG] [ne.mi.re.GameData/REGISTRIES]: Applying holder lookups: minecraft:particle_type
[09:38:12] [main/DEBUG] [ne.mi.re.GameData/REGISTRIES]: Holder lookups applied: minecraft:particle_type
[09:38:12] [main/DEBUG] [ne.mi.re.GameData/REGISTRIES]: Applying holder lookups: minecraft:item
[09:38:12] [main/DEBUG] [ne.mi.re.GameData/REGISTRIES]: Holder lookups applied: minecraft:item
[09:38:12] [main/DEBUG] [ne.mi.re.GameData/REGISTRIES]: Applying holder lookups: minecraft:entity_type
[09:38:12] [main/DEBUG] [ne.mi.re.GameData/REGISTRIES]: Holder lookups applied: minecraft:entity_type
[09:38:12] [main/DEBUG] [ne.mi.re.GameData/REGISTRIES]: Applying holder lookups: minecraft:sensor_type
[09:38:12] [main/DEBUG] [ne.mi.re.GameData/REGISTRIES]: Holder lookups applied: minecraft:sensor_type
[09:38:12] [main/DEBUG] [ne.mi.re.GameData/REGISTRIES]: Applying holder lookups: minecraft:memory_module_type
[09:38:12] [main/DEBUG] [ne.mi.re.GameData/REGISTRIES]: Holder lookups applied: minecraft:memory_module_type
[09:38:12] [main/DEBUG] [ne.mi.re.GameData/REGISTRIES]: Applying holder lookups: minecraft:potion
[09:38:12] [main/DEBUG] [ne.mi.re.GameData/REGISTRIES]: Holder lookups applied: minecraft:potion
[09:38:12] [main/DEBUG] [ne.mi.re.GameData/REGISTRIES]: Applying holder lookups: minecraft:game_event
[09:38:12] [main/DEBUG] [ne.mi.re.GameData/REGISTRIES]: Holder lookups applied: minecraft:game_event
[09:38:12] [main/DEBUG] [ne.mi.re.GameData/REGISTRIES]: Applying holder lookups: minecraft:enchantment
[09:38:12] [main/DEBUG] [ne.mi.re.GameData/REGISTRIES]: Holder lookups applied: minecraft:enchantment
[09:38:12] [main/DEBUG] [ne.mi.re.GameData/REGISTRIES]: Applying holder lookups: minecraft:block_entity_type
[09:38:12] [main/DEBUG] [ne.mi.re.GameData/REGISTRIES]: Holder lookups applied: minecraft:block_entity_type
[09:38:12] [main/DEBUG] [ne.mi.re.GameData/REGISTRIES]: Applying holder lookups: minecraft:painting_variant
[09:38:12] [main/DEBUG] [ne.mi.re.GameData/REGISTRIES]: Holder lookups applied: minecraft:painting_variant
[09:38:12] [main/DEBUG] [ne.mi.re.GameData/REGISTRIES]: Applying holder lookups: minecraft:stat_type
[09:38:12] [main/DEBUG] [ne.mi.re.GameData/REGISTRIES]: Holder lookups applied: minecraft:stat_type
[09:38:12] [main/DEBUG] [ne.mi.re.GameData/REGISTRIES]: Applying holder lookups: minecraft:custom_stat
[09:38:12] [main/DEBUG] [ne.mi.re.GameData/REGISTRIES]: Holder lookups applied: minecraft:custom_stat
[09:38:12] [main/DEBUG] [ne.mi.re.GameData/REGISTRIES]: Applying holder lookups: minecraft:chunk_status
[09:38:12] [main/DEBUG] [ne.mi.re.GameData/REGISTRIES]: Holder lookups applied: minecraft:chunk_status
[09:38:12] [main/DEBUG] [ne.mi.re.GameData/REGISTRIES]: Applying holder lookups: minecraft:rule_test
[09:38:12] [main/DEBUG] [ne.mi.re.GameData/REGISTRIES]: Holder lookups applied: minecraft:rule_test
[09:38:12] [main/DEBUG] [ne.mi.re.GameData/REGISTRIES]: Applying holder lookups: minecraft:rule_block_entity_modifier
[09:38:12] [main/DEBUG] [ne.mi.re.GameData/REGISTRIES]: Holder lookups applied: minecraft:rule_block_entity_modifier
[09:38:12] [main/DEBUG] [ne.mi.re.GameData/REGISTRIES]: Applying holder lookups: minecraft:pos_rule_test
[09:38:12] [main/DEBUG] [ne.mi.re.GameData/REGISTRIES]: Holder lookups applied: minecraft:pos_rule_test
[09:38:12] [main/DEBUG] [ne.mi.re.GameData/REGISTRIES]: Applying holder lookups: minecraft:menu
[09:38:12] [main/DEBUG] [ne.mi.re.GameData/REGISTRIES]: Holder lookups applied: minecraft:menu
[09:38:12] [main/DEBUG] [ne.mi.re.GameData/REGISTRIES]: Applying holder lookups: minecraft:recipe_type
[09:38:12] [main/DEBUG] [ne.mi.re.GameData/REGISTRIES]: Holder lookups applied: minecraft:recipe_type
[09:38:12] [main/DEBUG] [ne.mi.re.GameData/REGISTRIES]: Applying holder lookups: minecraft:recipe_serializer
[09:38:12] [main/DEBUG] [ne.mi.re.GameData/REGISTRIES]: Holder lookups applied: minecraft:recipe_serializer
[09:38:12] [main/DEBUG] [ne.mi.re.GameData/REGISTRIES]: Applying holder lookups: minecraft:position_source_type
[09:38:12] [main/DEBUG] [ne.mi.re.GameData/REGISTRIES]: Holder lookups applied: minecraft:position_source_type
[09:38:12] [main/DEBUG] [ne.mi.re.GameData/REGISTRIES]: Applying holder lookups: minecraft:command_argument_type
[09:38:12] [main/DEBUG] [ne.mi.re.GameData/REGISTRIES]: Holder lookups applied: minecraft:command_argument_type
[09:38:12] [main/DEBUG] [ne.mi.re.GameData/REGISTRIES]: Applying holder lookups: minecraft:villager_type
[09:38:12] [main/DEBUG] [ne.mi.re.GameData/REGISTRIES]: Holder lookups applied: minecraft:villager_type
[09:38:12] [main/DEBUG] [ne.mi.re.GameData/REGISTRIES]: Applying holder lookups: minecraft:villager_profession
[09:38:12] [main/DEBUG] [ne.mi.re.GameData/REGISTRIES]: Holder lookups applied: minecraft:villager_profession
[09:38:12] [main/DEBUG] [ne.mi.re.GameData/REGISTRIES]: Applying holder lookups: minecraft:point_of_interest_type
[09:38:12] [main/DEBUG] [ne.mi.re.GameData/REGISTRIES]: Holder lookups applied: minecraft:point_of_interest_type
[09:38:12] [main/DEBUG] [ne.mi.re.GameData/REGISTRIES]: Applying holder lookups: minecraft:schedule
[09:38:12] [main/DEBUG] [ne.mi.re.GameData/REGISTRIES]: Holder lookups applied: minecraft:schedule
[09:38:12] [main/DEBUG] [ne.mi.re.GameData/REGISTRIES]: Applying holder lookups: minecraft:activity
[09:38:12] [main/DEBUG] [ne.mi.re.GameData/REGISTRIES]: Holder lookups applied: minecraft:activity
[09:38:12] [main/DEBUG] [ne.mi.re.GameData/REGISTRIES]: Applying holder lookups: minecraft:loot_pool_entry_type
[09:38:12] [main/DEBUG] [ne.mi.re.GameData/REGISTRIES]: Holder lookups applied: minecraft:loot_pool_entry_type
[09:38:12] [main/DEBUG] [ne.mi.re.GameData/REGISTRIES]: Applying holder lookups: minecraft:loot_function_type
[09:38:12] [main/DEBUG] [ne.mi.re.GameData/REGISTRIES]: Holder lookups applied: minecraft:loot_function_type
[09:38:12] [main/DEBUG] [ne.mi.re.GameData/REGISTRIES]: Applying holder lookups: minecraft:loot_condition_type
[09:38:12] [main/DEBUG] [ne.mi.re.GameData/REGISTRIES]: Holder lookups applied: minecraft:loot_condition_type
[09:38:12] [main/DEBUG] [ne.mi.re.GameData/REGISTRIES]: Applying holder lookups: minecraft:loot_number_provider_type
[09:38:12] [main/DEBUG] [ne.mi.re.GameData/REGISTRIES]: Holder lookups applied: minecraft:loot_number_provider_type
[09:38:12] [main/DEBUG] [ne.mi.re.GameData/REGISTRIES]: Applying holder lookups: minecraft:loot_nbt_provider_type
[09:38:12] [main/DEBUG] [ne.mi.re.GameData/REGISTRIES]: Holder lookups applied: minecraft:loot_nbt_provider_type
[09:38:12] [main/DEBUG] [ne.mi.re.GameData/REGISTRIES]: Applying holder lookups: minecraft:loot_score_provider_type
[09:38:12] [main/DEBUG] [ne.mi.re.GameData/REGISTRIES]: Holder lookups applied: minecraft:loot_score_provider_type
[09:38:12] [main/DEBUG] [ne.mi.re.GameData/REGISTRIES]: Applying holder lookups: minecraft:float_provider_type
[09:38:12] [main/DEBUG] [ne.mi.re.GameData/REGISTRIES]: Holder lookups applied: minecraft:float_provider_type
[09:38:12] [main/DEBUG] [ne.mi.re.GameData/REGISTRIES]: Applying holder lookups: minecraft:int_provider_type
[09:38:12] [main/DEBUG] [ne.mi.re.GameData/REGISTRIES]: Holder lookups applied: minecraft:int_provider_type
[09:38:12] [main/DEBUG] [ne.mi.re.GameData/REGISTRIES]: Applying holder lookups: minecraft:height_provider_type
[09:38:12] [main/DEBUG] [ne.mi.re.GameData/REGISTRIES]: Holder lookups applied: minecraft:height_provider_type
[09:38:12] [main/DEBUG] [ne.mi.re.GameData/REGISTRIES]: Applying holder lookups: minecraft:block_predicate_type
[09:38:12] [main/DEBUG] [ne.mi.re.GameData/REGISTRIES]: Holder lookups applied: minecraft:block_predicate_type
[09:38:12] [main/DEBUG] [ne.mi.re.GameData/REGISTRIES]: Applying holder lookups: minecraft:worldgen/carver
[09:38:12] [main/DEBUG] [ne.mi.re.GameData/REGISTRIES]: Holder lookups applied: minecraft:worldgen/carver
[09:38:12] [main/DEBUG] [ne.mi.re.GameData/REGISTRIES]: Applying holder lookups: minecraft:worldgen/feature
[09:38:12] [main/DEBUG] [ne.mi.re.GameData/REGISTRIES]: Holder lookups applied: minecraft:worldgen/feature
[09:38:12] [main/DEBUG] [ne.mi.re.GameData/REGISTRIES]: Applying holder lookups: minecraft:worldgen/structure_processor
[09:38:12] [main/DEBUG] [ne.mi.re.GameData/REGISTRIES]: Holder lookups applied: minecraft:worldgen/structure_processor
[09:38:12] [main/DEBUG] [ne.mi.re.GameData/REGISTRIES]: Applying holder lookups: minecraft:worldgen/structure_placement
[09:38:12] [main/DEBUG] [ne.mi.re.GameData/REGISTRIES]: Holder lookups applied: minecraft:worldgen/structure_placement
[09:38:12] [main/DEBUG] [ne.mi.re.GameData/REGISTRIES]: Applying holder lookups: minecraft:worldgen/structure_piece
[09:38:12] [main/DEBUG] [ne.mi.re.GameData/REGISTRIES]: Holder lookups applied: minecraft:worldgen/structure_piece
[09:38:12] [main/DEBUG] [ne.mi.re.GameData/REGISTRIES]: Applying holder lookups: minecraft:worldgen/structure_type
[09:38:12] [main/DEBUG] [ne.mi.re.GameData/REGISTRIES]: Holder lookups applied: minecraft:worldgen/structure_type
[09:38:12] [main/DEBUG] [ne.mi.re.GameData/REGISTRIES]: Applying holder lookups: minecraft:worldgen/placement_modifier_type
[09:38:12] [main/DEBUG] [ne.mi.re.GameData/REGISTRIES]: Holder lookups applied: minecraft:worldgen/placement_modifier_type
[09:38:12] [main/DEBUG] [ne.mi.re.GameData/REGISTRIES]: Applying holder lookups: minecraft:worldgen/block_state_provider_type
[09:38:12] [main/DEBUG] [ne.mi.re.GameData/REGISTRIES]: Holder lookups applied: minecraft:worldgen/block_state_provider_type
[09:38:12] [main/DEBUG] [ne.mi.re.GameData/REGISTRIES]: Applying holder lookups: minecraft:worldgen/foliage_placer_type
[09:38:12] [main/DEBUG] [ne.mi.re.GameData/REGISTRIES]: Holder lookups applied: minecraft:worldgen/foliage_placer_type
[09:38:12] [main/DEBUG] [ne.mi.re.GameData/REGISTRIES]: Applying holder lookups: minecraft:worldgen/trunk_placer_type
[09:38:12] [main/DEBUG] [ne.mi.re.GameData/REGISTRIES]: Holder lookups applied: minecraft:worldgen/trunk_placer_type
[09:38:12] [main/DEBUG] [ne.mi.re.GameData/REGISTRIES]: Applying holder lookups: minecraft:worldgen/root_placer_type
[09:38:12] [main/DEBUG] [ne.mi.re.GameData/REGISTRIES]: Holder lookups applied: minecraft:worldgen/root_placer_type
[09:38:12] [main/DEBUG] [ne.mi.re.GameData/REGISTRIES]: Applying holder lookups: minecraft:worldgen/tree_decorator_type
[09:38:12] [main/DEBUG] [ne.mi.re.GameData/REGISTRIES]: Holder lookups applied: minecraft:worldgen/tree_decorator_type
[09:38:12] [main/DEBUG] [ne.mi.re.GameData/REGISTRIES]: Applying holder lookups: minecraft:worldgen/feature_size_type
[09:38:12] [main/DEBUG] [ne.mi.re.GameData/REGISTRIES]: Holder lookups applied: minecraft:worldgen/feature_size_type
[09:38:12] [main/DEBUG] [ne.mi.re.GameData/REGISTRIES]: Applying holder lookups: minecraft:worldgen/biome_source
[09:38:12] [main/DEBUG] [ne.mi.re.GameData/REGISTRIES]: Holder lookups applied: minecraft:worldgen/biome_source
[09:38:12] [main/DEBUG] [ne.mi.re.GameData/REGISTRIES]: Applying holder lookups: minecraft:worldgen/chunk_generator
[09:38:12] [main/DEBUG] [ne.mi.re.GameData/REGISTRIES]: Holder lookups applied: minecraft:worldgen/chunk_generator
[09:38:12] [main/DEBUG] [ne.mi.re.GameData/REGISTRIES]: Applying holder lookups: minecraft:worldgen/material_condition
[09:38:12] [main/DEBUG] [ne.mi.re.GameData/REGISTRIES]: Holder lookups applied: minecraft:worldgen/material_condition
[09:38:12] [main/DEBUG] [ne.mi.re.GameData/REGISTRIES]: Applying holder lookups: minecraft:worldgen/material_rule
[09:38:12] [main/DEBUG] [ne.mi.re.GameData/REGISTRIES]: Holder lookups applied: minecraft:worldgen/material_rule
[09:38:12] [main/DEBUG] [ne.mi.re.GameData/REGISTRIES]: Applying holder lookups: minecraft:worldgen/density_function_type
[09:38:12] [main/DEBUG] [ne.mi.re.GameData/REGISTRIES]: Holder lookups applied: minecraft:worldgen/density_function_type
[09:38:12] [main/DEBUG] [ne.mi.re.GameData/REGISTRIES]: Applying holder lookups: minecraft:worldgen/structure_pool_element
[09:38:12] [main/DEBUG] [ne.mi.re.GameData/REGISTRIES]: Holder lookups applied: minecraft:worldgen/structure_pool_element
[09:38:12] [main/DEBUG] [ne.mi.re.GameData/REGISTRIES]: Applying holder lookups: minecraft:cat_variant
[09:38:12] [main/DEBUG] [ne.mi.re.GameData/REGISTRIES]: Holder lookups applied: minecraft:cat_variant
[09:38:12] [main/DEBUG] [ne.mi.re.GameData/REGISTRIES]: Applying holder lookups: minecraft:frog_variant
[09:38:12] [main/DEBUG] [ne.mi.re.GameData/REGISTRIES]: Holder lookups applied: minecraft:frog_variant
[09:38:12] [main/DEBUG] [ne.mi.re.GameData/REGISTRIES]: Applying holder lookups: minecraft:banner_pattern
[09:38:12] [main/DEBUG] [ne.mi.re.GameData/REGISTRIES]: Holder lookups applied: minecraft:banner_pattern
[09:38:12] [main/DEBUG] [ne.mi.re.GameData/REGISTRIES]: Applying holder lookups: minecraft:instrument
[09:38:12] [main/DEBUG] [ne.mi.re.GameData/REGISTRIES]: Holder lookups applied: minecraft:instrument
[09:38:12] [main/DEBUG] [ne.mi.re.GameData/REGISTRIES]: Applying holder lookups: minecraft:decorated_pot_patterns
[09:38:12] [main/DEBUG] [ne.mi.re.GameData/REGISTRIES]: Holder lookups applied: minecraft:decorated_pot_patterns
[09:38:12] [main/DEBUG] [ne.mi.re.GameData/REGISTRIES]: Applying holder lookups: minecraft:creative_mode_tab
[09:38:12] [main/DEBUG] [ne.mi.re.GameData/REGISTRIES]: Holder lookups applied: minecraft:creative_mode_tab
[09:38:12] [main/DEBUG] [ne.mi.re.GameData/REGISTRIES]: Applying holder lookups: forge:biome_modifier_serializers
[09:38:12] [main/DEBUG] [ne.mi.re.GameData/REGISTRIES]: Holder lookups applied: forge:biome_modifier_serializers
[09:38:12] [main/DEBUG] [ne.mi.re.GameData/REGISTRIES]: Applying holder lookups: forge:display_contexts
[09:38:12] [main/DEBUG] [ne.mi.re.GameData/REGISTRIES]: Holder lookups applied: forge:display_contexts
[09:38:12] [main/DEBUG] [ne.mi.re.GameData/REGISTRIES]: Applying holder lookups: forge:entity_data_serializers
[09:38:12] [main/DEBUG] [ne.mi.re.GameData/REGISTRIES]: Holder lookups applied: forge:entity_data_serializers
[09:38:12] [main/DEBUG] [ne.mi.re.GameData/REGISTRIES]: Applying holder lookups: forge:fluid_type
[09:38:12] [main/DEBUG] [ne.mi.re.GameData/REGISTRIES]: Holder lookups applied: forge:fluid_type
[09:38:12] [main/DEBUG] [ne.mi.re.GameData/REGISTRIES]: Applying holder lookups: forge:global_loot_modifier_serializers
[09:38:12] [main/DEBUG] [ne.mi.re.GameData/REGISTRIES]: Holder lookups applied: forge:global_loot_modifier_serializers
[09:38:12] [main/DEBUG] [ne.mi.re.GameData/REGISTRIES]: Applying holder lookups: forge:holder_set_type
[09:38:12] [main/DEBUG] [ne.mi.re.GameData/REGISTRIES]: Holder lookups applied: forge:holder_set_type
[09:38:12] [main/DEBUG] [ne.mi.re.GameData/REGISTRIES]: Applying holder lookups: forge:structure_modifier_serializers
[09:38:12] [main/DEBUG] [ne.mi.re.GameData/REGISTRIES]: Holder lookups applied: forge:structure_modifier_serializers
[09:38:12] [main/DEBUG] [ne.mi.re.GameData/REGISTRIES]: Applying holder lookups: minecraft:worldgen/biome
[09:38:12] [main/DEBUG] [ne.mi.re.GameData/REGISTRIES]: Holder lookups applied: minecraft:worldgen/biome
[09:38:12] [main/DEBUG] [ne.mi.fm.co.ConfigTracker/CONFIG]: Loading configs type COMMON
[09:38:12] [main/DEBUG] [ne.mi.fm.DeferredWorkQueue/LOADING]: Dispatching synchronous work for work queue COMMON_SETUP: 1 jobs
[09:38:12] [main/DEBUG] [ne.mi.fm.DeferredWorkQueue/LOADING]: Synchronous work queue completed in 1.532 ms
[09:38:12] [main/DEBUG] [ne.mi.re.GameData/REGISTRIES]: Freezing registries
[09:38:12] [main/DEBUG] [ne.mi.re.ForgeRegistry/REGISTRIES]: Registry minecraft:block Sync: FROZEN -> ACTIVE
[09:38:12] [main/DEBUG] [ne.mi.re.ForgeRegistry/REGISTRIES]: Registry minecraft:fluid Sync: FROZEN -> ACTIVE
[09:38:12] [main/DEBUG] [ne.mi.re.ForgeRegistry/REGISTRIES]: Registry minecraft:item Sync: FROZEN -> ACTIVE
[09:38:12] [main/DEBUG] [ne.mi.re.ForgeRegistry/REGISTRIES]: Registry minecraft:mob_effect Sync: FROZEN -> ACTIVE
[09:38:12] [main/DEBUG] [ne.mi.re.ForgeRegistry/REGISTRIES]: Registry minecraft:sound_event Sync: FROZEN -> ACTIVE
[09:38:12] [main/DEBUG] [ne.mi.re.ForgeRegistry/REGISTRIES]: Registry minecraft:potion Sync: FROZEN -> ACTIVE
[09:38:12] [main/DEBUG] [ne.mi.re.ForgeRegistry/REGISTRIES]: Registry minecraft:enchantment Sync: FROZEN -> ACTIVE
[09:38:12] [main/DEBUG] [ne.mi.re.ForgeRegistry/REGISTRIES]: Registry minecraft:entity_type Sync: FROZEN -> ACTIVE
[09:38:12] [main/DEBUG] [ne.mi.re.ForgeRegistry/REGISTRIES]: Registry minecraft:block_entity_type Sync: FROZEN -> ACTIVE
[09:38:12] [main/DEBUG] [ne.mi.re.ForgeRegistry/REGISTRIES]: Registry minecraft:particle_type Sync: FROZEN -> ACTIVE
[09:38:12] [main/DEBUG] [ne.mi.re.ForgeRegistry/REGISTRIES]: Registry minecraft:menu Sync: FROZEN -> ACTIVE
[09:38:12] [main/DEBUG] [ne.mi.re.ForgeRegistry/REGISTRIES]: Registry minecraft:painting_variant Sync: FROZEN -> ACTIVE
[09:38:12] [main/DEBUG] [ne.mi.re.ForgeRegistry/REGISTRIES]: Registry minecraft:recipe_type Sync: FROZEN -> ACTIVE
[09:38:12] [main/DEBUG] [ne.mi.re.ForgeRegistry/REGISTRIES]: Registry minecraft:recipe_serializer Sync: FROZEN -> ACTIVE
[09:38:12] [main/DEBUG] [ne.mi.re.ForgeRegistry/REGISTRIES]: Registry minecraft:attribute Sync: FROZEN -> ACTIVE
[09:38:12] [main/DEBUG] [ne.mi.re.ForgeRegistry/REGISTRIES]: Registry minecraft:stat_type Sync: FROZEN -> ACTIVE
[09:38:12] [main/DEBUG] [ne.mi.re.ForgeRegistry/REGISTRIES]: Registry minecraft:command_argument_type Sync: FROZEN -> ACTIVE
[09:38:12] [main/DEBUG] [ne.mi.re.ForgeRegistry/REGISTRIES]: Registry minecraft:villager_profession Sync: FROZEN -> ACTIVE
[09:38:12] [main/DEBUG] [ne.mi.re.ForgeRegistry/REGISTRIES]: Registry minecraft:point_of_interest_type Sync: FROZEN -> ACTIVE
[09:38:12] [main/DEBUG] [ne.mi.re.ForgeRegistry/REGISTRIES]: Registry minecraft:memory_module_type Sync: FROZEN -> ACTIVE
[09:38:12] [main/DEBUG] [ne.mi.re.ForgeRegistry/REGISTRIES]: Registry minecraft:sensor_type Sync: FROZEN -> ACTIVE
[09:38:12] [main/DEBUG] [ne.mi.re.ForgeRegistry/REGISTRIES]: Registry minecraft:schedule Sync: FROZEN -> ACTIVE
[09:38:12] [main/DEBUG] [ne.mi.re.ForgeRegistry/REGISTRIES]: Registry minecraft:activity Sync: FROZEN -> ACTIVE
[09:38:12] [main/DEBUG] [ne.mi.re.ForgeRegistry/REGISTRIES]: Registry minecraft:worldgen/carver Sync: FROZEN -> ACTIVE
[09:38:12] [main/DEBUG] [ne.mi.re.ForgeRegistry/REGISTRIES]: Registry minecraft:worldgen/feature Sync: FROZEN -> ACTIVE
[09:38:12] [main/DEBUG] [ne.mi.re.ForgeRegistry/REGISTRIES]: Registry minecraft:chunk_status Sync: FROZEN -> ACTIVE
[09:38:12] [main/DEBUG] [ne.mi.re.ForgeRegistry/REGISTRIES]: Registry minecraft:worldgen/block_state_provider_type Sync: FROZEN -> ACTIVE
[09:38:12] [main/DEBUG] [ne.mi.re.ForgeRegistry/REGISTRIES]: Registry minecraft:worldgen/foliage_placer_type Sync: FROZEN -> ACTIVE
[09:38:12] [main/DEBUG] [ne.mi.re.ForgeRegistry/REGISTRIES]: Registry minecraft:worldgen/tree_decorator_type Sync: FROZEN -> ACTIVE
[09:38:12] [main/DEBUG] [ne.mi.re.ForgeRegistry/REGISTRIES]: Registry minecraft:worldgen/biome Sync: FROZEN -> ACTIVE
[09:38:12] [main/DEBUG] [ne.mi.re.ForgeRegistry/REGISTRIES]: Registry forge:entity_data_serializers Sync: FROZEN -> ACTIVE
[09:38:12] [main/DEBUG] [ne.mi.re.ForgeRegistry/REGISTRIES]: Registry forge:global_loot_modifier_serializers Sync: FROZEN -> ACTIVE
[09:38:12] [main/DEBUG] [ne.mi.re.ForgeRegistry/REGISTRIES]: Registry forge:biome_modifier_serializers Sync: FROZEN -> ACTIVE
[09:38:12] [main/DEBUG] [ne.mi.re.ForgeRegistry/REGISTRIES]: Registry forge:fluid_type Sync: FROZEN -> ACTIVE
[09:38:12] [main/DEBUG] [ne.mi.re.ForgeRegistry/REGISTRIES]: Registry forge:structure_modifier_serializers Sync: FROZEN -> ACTIVE
[09:38:12] [main/DEBUG] [ne.mi.re.ForgeRegistry/REGISTRIES]: Registry forge:holder_set_type Sync: FROZEN -> ACTIVE
[09:38:12] [main/DEBUG] [ne.mi.re.ForgeRegistry/REGISTRIES]: Registry forge:display_contexts Sync: FROZEN -> ACTIVE
[09:38:12] [Forge Version Check/INFO] [ne.mi.fm.VersionChecker/]: [forge] Starting version check at https://files.minecraftforge.net/net/minecraftforge/forge/promotions_slim.json
[09:38:13] [Forge Version Check/DEBUG] [ne.mi.fm.VersionChecker/]: [forge] Received version check data:
{
  "homepage": "https://files.minecraftforge.net/net/minecraftforge/forge/",
  "promos": {
    "1.1-latest": "1.3.4.29",
    "1.2.3-latest": "1.4.1.64",
    "1.2.4-latest": "2.0.0.68",
    "1.2.5-latest": "3.4.9.171",
    "1.3.2-latest": "4.3.5.318",
    "1.4.0-latest": "5.0.0.326",
    "1.4.1-latest": "6.0.0.329",
    "1.4.2-latest": "6.0.1.355",
    "1.4.3-latest": "6.2.1.358",
    "1.4.4-latest": "6.3.0.378",
    "1.4.5-latest": "6.4.2.448",
    "1.4.6-latest": "6.5.0.489",
    "1.4.7-latest": "6.6.2.534",
    "1.5-latest": "7.7.0.598",
    "1.5.1-latest": "7.7.2.682",
    "1.5.2-latest": "7.8.1.738",
    "1.5.2-recommended": "7.8.1.738",
    "1.6.1-latest": "8.9.0.775",
    "1.6.2-latest": "9.10.1.871",
    "1.6.2-recommended": "9.10.1.871",
    "1.6.3-latest": "9.11.0.878",
    "1.6.4-latest": "9.11.1.1345",
    "1.6.4-recommended": "9.11.1.1345",
    "1.7.2-latest": "10.12.2.1161",
    "1.7.2-recommended": "10.12.2.1161",
    "1.7.10-latest": "10.13.4.1614",
    "1.7.10-recommended": "10.13.4.1614",
    "1.8-latest": "11.14.4.1577",
    "1.8-recommended": "11.14.4.1563",
    "1.8.8-latest": "11.15.0.1655",
    "1.8.9-latest": "11.15.1.2318",
    "1.8.9-recommended": "11.15.1.2318",
    "1.9-latest": "12.16.1.1938",
    "1.9-recommended": "12.16.1.1887",
    "1.9.4-latest": "12.17.0.2317",
    "1.9.4-recommended": "12.17.0.2317",
    "1.10-latest": "12.18.0.2000",
    "1.10.2-latest": "12.18.3.2511",
    "1.10.2-recommended": "12.18.3.2511",
    "1.11-latest": "13.19.1.2199",
    "1.11-recommended": "13.19.1.2189",
    "1.11.2-latest": "13.20.1.2588",
    "1.11.2-recommended": "13.20.1.2588",
    "1.12-latest": "14.21.1.2443",
    "1.12-recommended": "14.21.1.2387",
    "1.12.1-latest": "14.22.1.2485",
    "1.12.1-recommended": "14.22.1.2478",
    "1.12.2-latest": "14.23.5.2864",
    "1.12.2-recommended": "14.23.5.2859",
    "1.13.2-latest": "25.0.223",
    "1.14.2-latest": "26.0.63",
    "1.14.3-latest": "27.0.60",
    "1.14.4-latest": "28.2.30",
    "1.14.4-recommended": "28.2.26",
    "1.15-latest": "29.0.4",
    "1.15.1-latest": "30.0.51",
    "1.15.2-latest": "31.2.62",
    "1.15.2-recommended": "31.2.57",
    "1.16.1-latest": "32.0.108",
    "1.16.2-latest": "33.0.61",
    "1.16.3-latest": "34.1.42",
    "1.16.3-recommended": "34.1.0",
    "1.16.4-latest": "35.1.37",
    "1.16.4-recommended": "35.1.4",
    "1.16.5-latest": "36.2.42",
    "1.16.5-recommended": "36.2.34",
    "1.17.1-latest": "37.1.1",
    "1.17.1-recommended": "37.1.1",
    "1.18-latest": "38.0.17",
    "1.18.1-latest": "39.1.2",
    "1.18.1-recommended": "39.1.0",
    "1.18.2-recommended": "40.3.0",
    "1.18.2-latest": "40.3.12",
    "1.19-latest": "41.1.0",
    "1.19-recommended": "41.1.0",
    "1.19.1-latest": "42.0.9",
    "1.19.2-recommended": "43.5.0",
    "1.19.2-latest": "43.5.2",
    "1.19.3-latest": "44.1.23",
    "1.19.3-recommended": "44.1.0",
    "1.19.4-recommended": "45.4.0",
    "1.19.4-latest": "45.4.5",
    "1.20-latest": "46.0.14",
    "1.20.1-recommended": "47.4.10",
    "1.20.1-latest": "47.4.23",
    "1.20.2-latest": "48.1.0",
    "1.20.2-recommended": "48.1.0",
    "1.20.3-latest": "49.0.2",
    "1.20.4-latest": "49.2.8",
    "1.20.4-recommended": "49.2.0",
    "1.20.6-latest": "50.2.10",
    "1.20.6-recommended": "50.2.0",
    "1.21-latest": "51.0.33",
    "1.21.1-latest": "52.1.16",
    "1.21.1-recommended": "52.1.0",
    "1.21.3-latest": "53.1.12",
    "1.21.3-recommended": "53.1.0",
    "1.21.4-latest": "54.1.18",
    "1.21.4-recommended": "54.1.14",
    "1.21.5-latest": "55.1.13",
    "1.21.5-recommended": "55.1.0",
    "1.21.6-latest": "56.0.9",
    "1.21.7-latest": "57.0.3",
    "1.21.8-latest": "58.1.22",
    "1.21.8-recommended": "58.1.0",
    "1.21.9-latest": "59.0.5",
    "1.21.10-latest": "60.1.15",
    "1.21.10-recommended": "60.1.0",
    "1.21.11-latest": "61.2.1",
    "1.21.11-recommended": "61.2.0",
    "26.1-latest": "62.0.9",
    "26.1.1-latest": "63.0.2",
    "26.1.2-latest": "64.1.3",
    "26.1.2-recommended": "64.1.0",
    "26.2-latest": "65.1.3",
    "26.2-recommended": "65.1.0"
  }
}
[09:38:13] [Forge Version Check/INFO] [ne.mi.fm.VersionChecker/]: [forge] Found status: OUTDATED Current: 47.4.13 Target: 47.4.23
[09:38:13] [main/DEBUG] [ne.mi.re.GameData/REGISTRIES]: All registries frozen
[09:38:13] [main/INFO] [mojang/YggdrasilAuthenticationService]: Environment: authHost='https://authserver.mojang.com', accountsHost='https://api.mojang.com', sessionHost='https://sessionserver.mojang.com', servicesHost='https://api.minecraftservices.com', name='PROD'
[09:38:13] [main/WARN] [minecraft/VanillaPackResourcesBuilder]: Assets URL 'union:/home/rocky/.gradle/caches/forge_gradle/minecraft_user_repo/net/minecraftforge/forge/1.20.1-47.4.13_mapped_official_1.20.1/forge-1.20.1-47.4.13_mapped_official_1.20.1.jar%23181!/assets/.mcassetsroot' uses unexpected schema
[09:38:13] [main/WARN] [minecraft/VanillaPackResourcesBuilder]: Assets URL 'union:/home/rocky/.gradle/caches/forge_gradle/minecraft_user_repo/net/minecraftforge/forge/1.20.1-47.4.13_mapped_official_1.20.1/forge-1.20.1-47.4.13_mapped_official_1.20.1.jar%23181!/data/.mcassetsroot' uses unexpected schema
[09:38:13] [main/DEBUG] [ne.mi.se.ServerLifecycleHooks/CORE]: Generating PackInfo named mod:blockreality for mod file /home/rocky/br-mg-render-server/forge/build/resources/main
[09:38:13] [main/DEBUG] [ne.mi.se.ServerLifecycleHooks/CORE]: Generating PackInfo named mod:forge for mod file /
[09:38:13] [main/ERROR] [minecraft/DedicatedServerProperties]: No key layers in MapLike[{}]
[09:38:13] [main/DEBUG] [ne.mi.co.tr.CoreModBaseTransformer/COREMOD]: Transforming net/minecraft/server/commands/SummonCommand
[09:38:14] [Worker-Main-16/DEBUG] [ne.mi.co.tr.CoreModBaseTransformer/COREMOD]: Transforming net/minecraft/world/entity/raid/Raid
[09:38:14] [main/INFO] [minecraft/RecipeManager]: Loaded 7 recipes
[09:38:14] [main/INFO] [minecraft/AdvancementList]: Loaded 1271 advancements
[09:38:14] [main/DEBUG] [ne.mi.co.ForgeHooks/WP]: Gathering id map for writing to world save render-probe
[09:38:14] [main/DEBUG] [ne.mi.co.ForgeHooks/WP]: ID Map collection complete render-probe
[09:38:14] [Server thread/INFO] [minecraft/DedicatedServer]: Starting minecraft server version 1.20.1
[09:38:14] [Server thread/INFO] [minecraft/DedicatedServer]: Loading properties
[09:38:14] [Server thread/INFO] [minecraft/DedicatedServer]: Default game type: SURVIVAL
[09:38:14] [Server thread/INFO] [minecraft/MinecraftServer]: Generating keypair
[09:38:15] [Server thread/INFO] [minecraft/DedicatedServer]: Starting Minecraft server on 127.0.0.1:25594
[09:38:15] [Server thread/DEBUG] [ne.mi.ne.DualStackUtils/]: Detected IPv4 address: "127.0.0.1"
[09:38:15] [Server thread/DEBUG] [io.ne.ut.in.NativeLibraryLoader/]: -Dio.netty.native.workdir: /tmp (io.netty.tmpdir)
[09:38:15] [Server thread/DEBUG] [io.ne.ut.in.NativeLibraryLoader/]: -Dio.netty.native.deleteLibAfterLoading: true
[09:38:15] [Server thread/DEBUG] [io.ne.ut.in.NativeLibraryLoader/]: -Dio.netty.native.tryPatchShadedId: true
[09:38:15] [Server thread/DEBUG] [io.ne.ut.in.NativeLibraryLoader/]: -Dio.netty.native.detectNativeLibraryDuplicates: true
[09:38:15] [Server thread/DEBUG] [io.ne.ut.in.NativeLibraryLoader/]: Successfully loaded the library /tmp/libnetty_transport_native_epoll_x86_6414198031719080822532.so
[09:38:15] [Server thread/DEBUG] [io.ne.ut.NetUtil/]: -Djava.net.preferIPv4Stack: true
[09:38:15] [Server thread/DEBUG] [io.ne.ut.NetUtil/]: -Djava.net.preferIPv6Addresses: false
[09:38:15] [Server thread/DEBUG] [io.ne.ut.NetUtilInitializations/]: Loopback interface: lo (lo, 0:0:0:0:0:0:0:1%lo)
[09:38:15] [Server thread/DEBUG] [io.ne.ut.NetUtil/]: /proc/sys/net/core/somaxconn: 4096
[09:38:15] [Server thread/INFO] [minecraft/ServerConnectionListener]: Using epoll channel type
[09:38:15] [Server thread/DEBUG] [io.ne.ch.MultithreadEventLoopGroup/]: -Dio.netty.eventLoopThreads: 64
[09:38:15] [Server thread/DEBUG] [io.ne.ut.in.InternalThreadLocalMap/]: -Dio.netty.threadLocalMap.stringBuilder.initialSize: 1024
[09:38:15] [Server thread/DEBUG] [io.ne.ut.in.InternalThreadLocalMap/]: -Dio.netty.threadLocalMap.stringBuilder.maxSize: 4096
[09:38:15] [Server thread/DEBUG] [io.ne.ut.in.PlatformDependent/]: org.jctools-core.MpscChunkedArrayQueue: available
[09:38:15] [Server thread/DEBUG] [io.ne.ch.DefaultChannelId/]: -Dio.netty.processId: 54595 (auto-detected)
[09:38:15] [Server thread/DEBUG] [io.ne.ch.DefaultChannelId/]: -Dio.netty.machineId: 00:15:5d:ff:fe:d6:15:d0 (auto-detected)
[09:38:15] [Server thread/DEBUG] [io.ne.bu.PooledByteBufAllocator/]: -Dio.netty.allocator.numHeapArenas: 64
[09:38:15] [Server thread/DEBUG] [io.ne.bu.PooledByteBufAllocator/]: -Dio.netty.allocator.numDirectArenas: 64
[09:38:15] [Server thread/DEBUG] [io.ne.bu.PooledByteBufAllocator/]: -Dio.netty.allocator.pageSize: 8192
[09:38:15] [Server thread/DEBUG] [io.ne.bu.PooledByteBufAllocator/]: -Dio.netty.allocator.maxOrder: 9
[09:38:15] [Server thread/DEBUG] [io.ne.bu.PooledByteBufAllocator/]: -Dio.netty.allocator.chunkSize: 4194304
[09:38:15] [Server thread/DEBUG] [io.ne.bu.PooledByteBufAllocator/]: -Dio.netty.allocator.smallCacheSize: 256
[09:38:15] [Server thread/DEBUG] [io.ne.bu.PooledByteBufAllocator/]: -Dio.netty.allocator.normalCacheSize: 64
[09:38:15] [Server thread/DEBUG] [io.ne.bu.PooledByteBufAllocator/]: -Dio.netty.allocator.maxCachedBufferCapacity: 32768
[09:38:15] [Server thread/DEBUG] [io.ne.bu.PooledByteBufAllocator/]: -Dio.netty.allocator.cacheTrimInterval: 8192
[09:38:15] [Server thread/DEBUG] [io.ne.bu.PooledByteBufAllocator/]: -Dio.netty.allocator.cacheTrimIntervalMillis: 0
[09:38:15] [Server thread/DEBUG] [io.ne.bu.PooledByteBufAllocator/]: -Dio.netty.allocator.useCacheForAllThreads: false
[09:38:15] [Server thread/DEBUG] [io.ne.bu.PooledByteBufAllocator/]: -Dio.netty.allocator.maxCachedByteBuffersPerChunk: 1023
[09:38:15] [Server thread/DEBUG] [io.ne.bu.ByteBufUtil/]: -Dio.netty.allocator.type: pooled
[09:38:15] [Server thread/DEBUG] [io.ne.bu.ByteBufUtil/]: -Dio.netty.threadLocalDirectBufferSize: 0
[09:38:15] [Server thread/DEBUG] [io.ne.bu.ByteBufUtil/]: -Dio.netty.maxThreadLocalCharBufferSize: 16384
[09:38:15] [Server thread/WARN] [minecraft/DedicatedServer]: **** SERVER IS RUNNING IN OFFLINE/INSECURE MODE!
[09:38:15] [Server thread/WARN] [minecraft/DedicatedServer]: The server will make no attempt to authenticate usernames. Beware.
[09:38:15] [Server thread/WARN] [minecraft/DedicatedServer]: While this makes the game possible to play without internet access, it also opens up the ability for hackers to connect with any username they choose.
[09:38:15] [Server thread/WARN] [minecraft/DedicatedServer]: To change this, set "online-mode" to "true" in the server.properties file.
[09:38:15] [Server thread/DEBUG] [ne.mi.fm.co.ConfigTracker/CONFIG]: Loading configs type SERVER
[09:38:15] [Server thread/DEBUG] [ne.mi.fm.co.ConfigFileTypeHandler/CONFIG]: Built TOML config for ./render-probe/serverconfig/blockreality-server.toml
[09:38:15] [Server thread/DEBUG] [ne.mi.fm.co.ConfigFileTypeHandler/CONFIG]: Loaded TOML config file ./render-probe/serverconfig/blockreality-server.toml
[09:38:15] [Server thread/DEBUG] [ne.mi.fm.co.ConfigFileTypeHandler/CONFIG]: Watching TOML config file ./render-probe/serverconfig/blockreality-server.toml for changes
[09:38:15] [Server thread/WARN] [ne.mi.co.ForgeConfigSpec/CORE]: Configuration file ./render-probe/serverconfig/blockreality-server.toml is not correct. Correcting
[09:38:15] [Server thread/WARN] [ne.mi.co.ForgeConfigSpec/CORE]: Incorrect key engine was corrected from null to its default, SimpleCommentedConfig:{}. 
[09:38:15] [Server thread/WARN] [ne.mi.co.ForgeConfigSpec/CORE]: Incorrect key engine.mode was corrected from null to its default, INPROCESS. 
[09:38:15] [Server thread/DEBUG] [ne.mi.co.ForgeConfigSpec/CORE]: The comment on key engine.mode does not match the spec. This may create a backup.
[09:38:15] [Server thread/WARN] [ne.mi.co.ForgeConfigSpec/CORE]: Incorrect key engine.enginePath was corrected from null to its default, . 
[09:38:15] [Server thread/DEBUG] [ne.mi.co.ForgeConfigSpec/CORE]: The comment on key engine.enginePath does not match the spec. This may create a backup.
[09:38:15] [Server thread/WARN] [ne.mi.co.ForgeConfigSpec/CORE]: Incorrect key engine.numThreads was corrected from null to its default, 1. 
[09:38:15] [Server thread/DEBUG] [ne.mi.co.ForgeConfigSpec/CORE]: The comment on key engine.numThreads does not match the spec. This may create a backup.
[09:38:15] [Server thread/WARN] [ne.mi.co.ForgeConfigSpec/CORE]: Incorrect key engine.bucklingEnabled was corrected from null to its default, true. 
[09:38:15] [Server thread/DEBUG] [ne.mi.co.ForgeConfigSpec/CORE]: The comment on key engine.bucklingEnabled does not match the spec. This may create a backup.
[09:38:15] [Server thread/WARN] [ne.mi.co.ForgeConfigSpec/CORE]: Incorrect key engine.bucklingDofBudget was corrected from null to its default, 2400. 
[09:38:15] [Server thread/DEBUG] [ne.mi.co.ForgeConfigSpec/CORE]: The comment on key engine.bucklingDofBudget does not match the spec. This may create a backup.
[09:38:15] [Server thread/WARN] [ne.mi.co.ForgeConfigSpec/CORE]: Incorrect key engine.analysisEnabled was corrected from null to its default, true. 
[09:38:15] [Server thread/DEBUG] [ne.mi.co.ForgeConfigSpec/CORE]: The comment on key engine.analysisEnabled does not match the spec. This may create a backup.
[09:38:15] [Server thread/WARN] [ne.mi.co.ForgeConfigSpec/CORE]: Incorrect key engine.requestTimeoutMs was corrected from null to its default, 5000. 
[09:38:15] [Server thread/DEBUG] [ne.mi.co.ForgeConfigSpec/CORE]: The comment on key engine.requestTimeoutMs does not match the spec. This may create a backup.
[09:38:15] [Server thread/WARN] [ne.mi.co.ForgeConfigSpec/CORE]: Incorrect key engine.minTicksBetweenSolves was corrected from null to its default, 10. 
[09:38:15] [Server thread/DEBUG] [ne.mi.co.ForgeConfigSpec/CORE]: The comment on key engine.minTicksBetweenSolves does not match the spec. This may create a backup.
[09:38:15] [Server thread/DEBUG] [ne.mi.co.ForgeConfigSpec/CORE]: The comment on key engine does not match the spec. This may create a backup.
[09:38:15] [Server thread/WARN] [ne.mi.co.ForgeConfigSpec/CORE]: Incorrect key demo was corrected from null to its default, SimpleCommentedConfig:{}. 
[09:38:15] [Server thread/WARN] [ne.mi.co.ForgeConfigSpec/CORE]: Incorrect key demo.testLoadNewtons was corrected from null to its default, 20000.0. 
[09:38:15] [Server thread/DEBUG] [ne.mi.co.ForgeConfigSpec/CORE]: The comment on key demo.testLoadNewtons does not match the spec. This may create a backup.
[09:38:15] [Thread-2/DEBUG] [ne.mi.fm.co.ConfigFileTypeHandler/CONFIG]: Config file blockreality-server.toml changed, sending notifies
[09:38:15] [Server thread/DEBUG] [ne.mi.fm.co.ConfigFileTypeHandler/CONFIG]: Built TOML config for ./render-probe/serverconfig/forge-server.toml
[09:38:15] [Server thread/INFO] [ne.mi.fm.co.ConfigFileTypeHandler/CONFIG]: Loading default config file from path /home/rocky/br-mg-render-server/forge/run/defaultconfigs/forge-server.toml
[09:38:15] [Thread-2/DEBUG] [ne.mi.fm.co.ConfigFileTypeHandler/CONFIG]: Config file blockreality-server.toml changed, sending notifies
[09:38:15] [Server thread/DEBUG] [ne.mi.fm.co.ConfigFileTypeHandler/CONFIG]: Loaded TOML config file ./render-probe/serverconfig/forge-server.toml
[09:38:15] [Server thread/DEBUG] [ne.mi.fm.co.ConfigFileTypeHandler/CONFIG]: Watching TOML config file ./render-probe/serverconfig/forge-server.toml for changes
[09:38:15] [Server thread/DEBUG] [ne.mi.co.ForgeConfig/FORGEMOD]: Loaded forge config file forge-server.toml
[09:38:15] [Thread-2/DEBUG] [ne.mi.fm.co.ConfigFileTypeHandler/CONFIG]: Config file forge-server.toml changed, sending notifies
[09:38:15] [Thread-2/DEBUG] [ne.mi.co.ForgeConfig/FORGEMOD]: Forge config just got changed on the file system!
[09:38:15] [Thread-2/DEBUG] [ne.mi.fm.co.ConfigFileTypeHandler/CONFIG]: Config file forge-server.toml changed, sending notifies
[09:38:15] [Thread-2/DEBUG] [ne.mi.co.ForgeConfig/FORGEMOD]: Forge config just got changed on the file system!
[09:38:15] [Server thread/INFO] [minecraft/DedicatedServer]: Preparing level "render-probe"
[09:38:15] [Server thread/DEBUG] [ne.mi.co.tr.CoreModBaseTransformer/COREMOD]: Transforming net/minecraft/world/level/levelgen/PhantomSpawner
[09:38:15] [Server thread/DEBUG] [ne.mi.co.tr.CoreModBaseTransformer/COREMOD]: Transforming net/minecraft/world/level/levelgen/PatrolSpawner
[09:38:15] [Server thread/DEBUG] [ne.mi.co.tr.CoreModBaseTransformer/COREMOD]: Transforming net/minecraft/world/entity/npc/CatSpawner
[09:38:15] [Server thread/DEBUG] [ne.mi.co.tr.CoreModBaseTransformer/COREMOD]: Transforming net/minecraft/world/entity/ai/village/VillageSiege
[09:38:16] [Server thread/INFO] [minecraft/MinecraftServer]: Preparing start region for dimension minecraft:overworld
[09:38:16] [Worker-Main-5/INFO] [minecraft/LoggerChunkProgressListener]: Preparing spawn area: 0%
[09:38:16] [Worker-Main-3/INFO] [minecraft/LoggerChunkProgressListener]: Preparing spawn area: 0%
[09:38:17] [Worker-Main-12/INFO] [minecraft/LoggerChunkProgressListener]: Preparing spawn area: 11%
[09:38:17] [Worker-Main-2/INFO] [minecraft/LoggerChunkProgressListener]: Preparing spawn area: 49%
[09:38:18] [Server thread/INFO] [minecraft/LoggerChunkProgressListener]: Time elapsed: 1960 ms
[09:38:18] [Server thread/INFO] [minecraft/DedicatedServer]: Done (2.894s)! For help, type "help"
[09:38:18] [Server thread/INFO] [minecraft/DedicatedServer]: Starting remote control listener
[09:38:18] [Server thread/INFO] [minecraft/GenericThread]: Thread RCON Listener started
[09:38:18] [Server thread/INFO] [minecraft/RconThread]: RCON running on 127.0.0.1:25595
[09:38:18] [Server thread/DEBUG] [ne.mi.co.ForgeI18n/CORE]: Loading I18N data entries: 317
[09:38:18] [Server thread/INFO] [ne.mi.ga.ForgeGameTestHooks/]: Enabled Gametest Namespaces: []
[09:38:18] [Server thread/INFO] [ne.mi.se.pe.PermissionAPI/]: Successfully initialized permission handler forge:default_handler
[09:38:18] [Server thread/DEBUG] [io.ne.bu.AbstractByteBuf/]: -Dio.netty.buffer.checkAccessible: true
[09:38:18] [Server thread/DEBUG] [io.ne.bu.AbstractByteBuf/]: -Dio.netty.buffer.checkBounds: true
[09:38:18] [Server thread/DEBUG] [io.ne.ut.ResourceLeakDetectorFactory/]: Loaded default ResourceLeakDetector: io.netty.util.ResourceLeakDetector@5c0be07a
[09:38:18] [Server thread/DEBUG] [ne.mi.co.tr.CoreModBaseTransformer/COREMOD]: Transforming net/minecraft/world/level/NaturalSpawner
[09:39:53] [RCON Listener #1/INFO] [minecraft/GenericThread]: Thread RCON Client /127.0.0.1 started
[09:39:53] [Server thread/INFO] [minecraft/MinecraftServer]: [Rcon: Gamerule doMobSpawning is now set to: false]
[09:39:53] [Server thread/INFO] [minecraft/MinecraftServer]: [Rcon: Gamerule doDaylightCycle is now set to: false]
[09:39:53] [Server thread/INFO] [minecraft/MinecraftServer]: [Rcon: Gamerule doWeatherCycle is now set to: false]
[09:39:53] [Server thread/INFO] [minecraft/MinecraftServer]: [Rcon: Set the time to 1000]
[09:39:53] [Server thread/INFO] [minecraft/MinecraftServer]: [Rcon: Set the weather to clear]
[09:39:53] [Server thread/INFO] [minecraft/MinecraftServer]: [Rcon: Marked [-1, -1] chunks in minecraft:overworld from [-1, -1] to [3, 3] to be force loaded]
[09:39:53] [Server thread/INFO] [minecraft/MinecraftServer]: [Rcon: Set the world spawn point to 2, 201, -8 [0.0]]
[09:39:55] [Server thread/INFO] [minecraft/MinecraftServer]: [Rcon: Changed the block at -1, 200, 0]
[09:39:55] [Server thread/INFO] [minecraft/MinecraftServer]: [Rcon: Successfully filled 5 block(s)]
[09:39:55] [Server thread/INFO] [minecraft/MinecraftServer]: [Rcon: Changed the block at 10, 199, 0]
[09:39:55] [Server thread/INFO] [minecraft/MinecraftServer]: [Rcon: Successfully filled 5 block(s)]
[09:39:55] [Server thread/INFO] [minecraft/MinecraftServer]: [Rcon: Successfully filled 3 block(s)]
[09:39:55] [Server thread/INFO] [minecraft/MinecraftServer]: [Rcon: Successfully filled 12 block(s)]
[09:39:55] [br-analysis-2/INFO] [BlockReality/]: [minecraft:overworld] unpacked the bundled engine library to /home/rocky/br-mg-render-server/forge/run/blockreality/engine/lib/linux-x86_64/53aae7156b94c0a761ef5abb2322ad47a708362f417a50ca3f04105d9c50abf1/libbsi_tectonic.so (28500368 bytes, engine tectonic-1.3.0+42e10f5, contract 4b11cc738790…)
[09:39:55] [br-analysis-2/INFO] [BlockReality/]: [minecraft:overworld] native engine source=BUNDLED path=/home/rocky/br-mg-render-server/forge/run/blockreality/engine/lib/linux-x86_64/53aae7156b94c0a761ef5abb2322ad47a708362f417a50ca3f04105d9c50abf1/libbsi_tectonic.so fileSha256=53aae7156b94c0a761ef5abb2322ad47a708362f417a50ca3f04105d9c50abf1
[09:39:55] [br-analysis-2/INFO] [BlockReality/]: [minecraft:overworld] native engine READY: tectonic 1.3.0 contract=4b11cc738790d32d576ac71ecd1cb57f04d3ed9186a9e43f89492ae13c258801
[09:39:55] [RCON Client /127.0.0.1 #2/INFO] [minecraft/RconClient]: Thread RCON Client /127.0.0.1 shutting down
[09:40:14] [RCON Listener #1/INFO] [minecraft/GenericThread]: Thread RCON Client /127.0.0.1 started
[09:40:38] [Netty Epoll Server IO #1/DEBUG] [io.ne.ut.Recycler/]: -Dio.netty.recycler.maxCapacityPerThread: 4096
[09:40:38] [Netty Epoll Server IO #1/DEBUG] [io.ne.ut.Recycler/]: -Dio.netty.recycler.ratio: 8
[09:40:38] [Netty Epoll Server IO #1/DEBUG] [io.ne.ut.Recycler/]: -Dio.netty.recycler.chunkSize: 32
[09:40:38] [Netty Epoll Server IO #1/DEBUG] [io.ne.ut.Recycler/]: -Dio.netty.recycler.blocking: false
[09:40:38] [Netty Epoll Server IO #1/DEBUG] [ne.mi.ne.HandshakeHandler/FMLHANDSHAKE]: Starting new modded impl connection. Found 23 messages to dispatch.
[09:40:38] [Server thread/DEBUG] [ne.mi.ne.HandshakeHandler/FMLHANDSHAKE]: Sending ticking packet info 'net.minecraftforge.network.HandshakeMessages$S2CModData' to 'fml:handshake' sequence 0
[09:40:38] [Server thread/DEBUG] [ne.mi.ne.HandshakeHandler/FMLHANDSHAKE]: Sending ticking packet info 'net.minecraftforge.network.HandshakeMessages$S2CModList' to 'fml:handshake' sequence 1
[09:40:38] [Netty Epoll Server IO #1/DEBUG] [ne.mi.ne.LoginWrapper/FMLHANDSHAKE]: Recieved login wrapper packet event for channel fml:handshake with index 1
[09:40:38] [Netty Epoll Server IO #1/DEBUG] [ne.mi.ne.HandshakeHandler/FMLHANDSHAKE]: Received client indexed reply 1 of type net.minecraftforge.network.HandshakeMessages$C2SModListReply
[09:40:38] [Netty Epoll Server IO #1/DEBUG] [ne.mi.ne.HandshakeHandler/FMLHANDSHAKE]: Received client connection with modlist [minecraft, blockreality, forge]
[09:40:38] [Netty Epoll Server IO #1/DEBUG] [ne.mi.ne.NetworkRegistry/NETREGISTRY]: Channel 'fml:loginwrapper' : Version test of 'FML3' from client : ACCEPTED
[09:40:38] [Netty Epoll Server IO #1/DEBUG] [ne.mi.ne.NetworkRegistry/NETREGISTRY]: Channel 'forge:tier_sorting' : Version test of '1.0' from client : ACCEPTED
[09:40:38] [Netty Epoll Server IO #1/DEBUG] [ne.mi.ne.NetworkRegistry/NETREGISTRY]: Channel 'fml:handshake' : Version test of 'FML3' from client : ACCEPTED
[09:40:38] [Netty Epoll Server IO #1/DEBUG] [ne.mi.ne.NetworkRegistry/NETREGISTRY]: Channel 'minecraft:unregister' : Version test of 'FML3' from client : ACCEPTED
[09:40:38] [Netty Epoll Server IO #1/DEBUG] [ne.mi.ne.NetworkRegistry/NETREGISTRY]: Channel 'blockreality:main' : Version test of '11' from client : ACCEPTED
[09:40:38] [Netty Epoll Server IO #1/DEBUG] [ne.mi.ne.NetworkRegistry/NETREGISTRY]: Channel 'fml:play' : Version test of 'FML3' from client : ACCEPTED
[09:40:38] [Netty Epoll Server IO #1/DEBUG] [ne.mi.ne.NetworkRegistry/NETREGISTRY]: Channel 'minecraft:register' : Version test of 'FML3' from client : ACCEPTED
[09:40:38] [Netty Epoll Server IO #1/DEBUG] [ne.mi.ne.NetworkRegistry/NETREGISTRY]: Channel 'forge:split' : Version test of '1.1' from client : ACCEPTED
[09:40:38] [Netty Epoll Server IO #1/DEBUG] [ne.mi.ne.NetworkRegistry/NETREGISTRY]: Accepting channel list from client
[09:40:38] [Netty Epoll Server IO #1/DEBUG] [ne.mi.ne.HandshakeHandler/FMLHANDSHAKE]: Accepted client connection mod list
[09:40:39] [Server thread/DEBUG] [ne.mi.ne.HandshakeHandler/FMLHANDSHAKE]: Sending ticking packet info 'Registry minecraft:command_argument_type' to 'fml:handshake' sequence 2
[09:40:39] [Netty Epoll Server IO #1/DEBUG] [ne.mi.ne.LoginWrapper/FMLHANDSHAKE]: Recieved login wrapper packet event for channel fml:handshake with index 2
[09:40:39] [Netty Epoll Server IO #1/DEBUG] [ne.mi.ne.HandshakeHandler/FMLHANDSHAKE]: Received client indexed reply 2 of type net.minecraftforge.network.HandshakeMessages$C2SAcknowledge
[09:40:39] [Netty Epoll Server IO #1/DEBUG] [ne.mi.ne.HandshakeHandler/FMLHANDSHAKE]: Received acknowledgement from client
[09:40:39] [Server thread/DEBUG] [ne.mi.ne.HandshakeHandler/FMLHANDSHAKE]: Sending ticking packet info 'Registry minecraft:recipe_serializer' to 'fml:handshake' sequence 3
[09:40:39] [Netty Epoll Server IO #1/DEBUG] [ne.mi.ne.LoginWrapper/FMLHANDSHAKE]: Recieved login wrapper packet event for channel fml:handshake with index 3
[09:40:39] [Netty Epoll Server IO #1/DEBUG] [ne.mi.ne.HandshakeHandler/FMLHANDSHAKE]: Received client indexed reply 3 of type net.minecraftforge.network.HandshakeMessages$C2SAcknowledge
[09:40:39] [Netty Epoll Server IO #1/DEBUG] [ne.mi.ne.HandshakeHandler/FMLHANDSHAKE]: Received acknowledgement from client
[09:40:39] [Server thread/DEBUG] [ne.mi.ne.HandshakeHandler/FMLHANDSHAKE]: Sending ticking packet info 'Registry minecraft:sound_event' to 'fml:handshake' sequence 4
[09:40:39] [Netty Epoll Server IO #1/DEBUG] [ne.mi.ne.LoginWrapper/FMLHANDSHAKE]: Recieved login wrapper packet event for channel fml:handshake with index 4
[09:40:39] [Netty Epoll Server IO #1/DEBUG] [ne.mi.ne.HandshakeHandler/FMLHANDSHAKE]: Received client indexed reply 4 of type net.minecraftforge.network.HandshakeMessages$C2SAcknowledge
[09:40:39] [Netty Epoll Server IO #1/DEBUG] [ne.mi.ne.HandshakeHandler/FMLHANDSHAKE]: Received acknowledgement from client
[09:40:39] [Server thread/DEBUG] [ne.mi.ne.HandshakeHandler/FMLHANDSHAKE]: Sending ticking packet info 'Registry minecraft:particle_type' to 'fml:handshake' sequence 5
[09:40:39] [Netty Epoll Server IO #1/DEBUG] [ne.mi.ne.LoginWrapper/FMLHANDSHAKE]: Recieved login wrapper packet event for channel fml:handshake with index 5
[09:40:39] [Netty Epoll Server IO #1/DEBUG] [ne.mi.ne.HandshakeHandler/FMLHANDSHAKE]: Received client indexed reply 5 of type net.minecraftforge.network.HandshakeMessages$C2SAcknowledge
[09:40:39] [Netty Epoll Server IO #1/DEBUG] [ne.mi.ne.HandshakeHandler/FMLHANDSHAKE]: Received acknowledgement from client
[09:40:39] [Server thread/DEBUG] [ne.mi.ne.HandshakeHandler/FMLHANDSHAKE]: Sending ticking packet info 'Registry minecraft:villager_profession' to 'fml:handshake' sequence 6
[09:40:39] [Netty Epoll Server IO #1/DEBUG] [ne.mi.ne.LoginWrapper/FMLHANDSHAKE]: Recieved login wrapper packet event for channel fml:handshake with index 6
[09:40:39] [Netty Epoll Server IO #1/DEBUG] [ne.mi.ne.HandshakeHandler/FMLHANDSHAKE]: Received client indexed reply 6 of type net.minecraftforge.network.HandshakeMessages$C2SAcknowledge
[09:40:39] [Netty Epoll Server IO #1/DEBUG] [ne.mi.ne.HandshakeHandler/FMLHANDSHAKE]: Received acknowledgement from client
[09:40:39] [Server thread/DEBUG] [ne.mi.ne.HandshakeHandler/FMLHANDSHAKE]: Sending ticking packet info 'Registry minecraft:item' to 'fml:handshake' sequence 7
[09:40:39] [Netty Epoll Server IO #1/DEBUG] [ne.mi.ne.LoginWrapper/FMLHANDSHAKE]: Recieved login wrapper packet event for channel fml:handshake with index 7
[09:40:39] [Netty Epoll Server IO #1/DEBUG] [ne.mi.ne.HandshakeHandler/FMLHANDSHAKE]: Received client indexed reply 7 of type net.minecraftforge.network.HandshakeMessages$C2SAcknowledge
[09:40:39] [Netty Epoll Server IO #1/DEBUG] [ne.mi.ne.HandshakeHandler/FMLHANDSHAKE]: Received acknowledgement from client
[09:40:39] [Server thread/DEBUG] [ne.mi.ne.HandshakeHandler/FMLHANDSHAKE]: Sending ticking packet info 'Registry minecraft:potion' to 'fml:handshake' sequence 8
[09:40:39] [Netty Epoll Server IO #1/DEBUG] [ne.mi.ne.LoginWrapper/FMLHANDSHAKE]: Recieved login wrapper packet event for channel fml:handshake with index 8
[09:40:39] [Netty Epoll Server IO #1/DEBUG] [ne.mi.ne.HandshakeHandler/FMLHANDSHAKE]: Received client indexed reply 8 of type net.minecraftforge.network.HandshakeMessages$C2SAcknowledge
[09:40:39] [Netty Epoll Server IO #1/DEBUG] [ne.mi.ne.HandshakeHandler/FMLHANDSHAKE]: Received acknowledgement from client
[09:40:39] [Server thread/DEBUG] [ne.mi.ne.HandshakeHandler/FMLHANDSHAKE]: Sending ticking packet info 'Registry minecraft:painting_variant' to 'fml:handshake' sequence 9
[09:40:39] [Netty Epoll Server IO #1/DEBUG] [ne.mi.ne.LoginWrapper/FMLHANDSHAKE]: Recieved login wrapper packet event for channel fml:handshake with index 9
[09:40:39] [Netty Epoll Server IO #1/DEBUG] [ne.mi.ne.HandshakeHandler/FMLHANDSHAKE]: Received client indexed reply 9 of type net.minecraftforge.network.HandshakeMessages$C2SAcknowledge
[09:40:39] [Netty Epoll Server IO #1/DEBUG] [ne.mi.ne.HandshakeHandler/FMLHANDSHAKE]: Received acknowledgement from client
[09:40:39] [Server thread/DEBUG] [ne.mi.ne.HandshakeHandler/FMLHANDSHAKE]: Sending ticking packet info 'Registry forge:fluid_type' to 'fml:handshake' sequence 10
[09:40:39] [Netty Epoll Server IO #1/DEBUG] [ne.mi.ne.LoginWrapper/FMLHANDSHAKE]: Recieved login wrapper packet event for channel fml:handshake with index 10
[09:40:39] [Netty Epoll Server IO #1/DEBUG] [ne.mi.ne.HandshakeHandler/FMLHANDSHAKE]: Received client indexed reply 10 of type net.minecraftforge.network.HandshakeMessages$C2SAcknowledge
[09:40:39] [Netty Epoll Server IO #1/DEBUG] [ne.mi.ne.HandshakeHandler/FMLHANDSHAKE]: Received acknowledgement from client
[09:40:39] [Server thread/DEBUG] [ne.mi.ne.HandshakeHandler/FMLHANDSHAKE]: Sending ticking packet info 'Registry minecraft:block_entity_type' to 'fml:handshake' sequence 11
[09:40:39] [Netty Epoll Server IO #1/DEBUG] [ne.mi.ne.LoginWrapper/FMLHANDSHAKE]: Recieved login wrapper packet event for channel fml:handshake with index 11
[09:40:39] [Netty Epoll Server IO #1/DEBUG] [ne.mi.ne.HandshakeHandler/FMLHANDSHAKE]: Received client indexed reply 11 of type net.minecraftforge.network.HandshakeMessages$C2SAcknowledge
[09:40:39] [Netty Epoll Server IO #1/DEBUG] [ne.mi.ne.HandshakeHandler/FMLHANDSHAKE]: Received acknowledgement from client
[09:40:39] [Server thread/DEBUG] [ne.mi.ne.HandshakeHandler/FMLHANDSHAKE]: Sending ticking packet info 'Registry forge:display_contexts' to 'fml:handshake' sequence 12
[09:40:39] [Netty Epoll Server IO #1/DEBUG] [ne.mi.ne.LoginWrapper/FMLHANDSHAKE]: Recieved login wrapper packet event for channel fml:handshake with index 12
[09:40:39] [Netty Epoll Server IO #1/DEBUG] [ne.mi.ne.HandshakeHandler/FMLHANDSHAKE]: Received client indexed reply 12 of type net.minecraftforge.network.HandshakeMessages$C2SAcknowledge
[09:40:39] [Netty Epoll Server IO #1/DEBUG] [ne.mi.ne.HandshakeHandler/FMLHANDSHAKE]: Received acknowledgement from client
[09:40:39] [Server thread/DEBUG] [ne.mi.ne.HandshakeHandler/FMLHANDSHAKE]: Sending ticking packet info 'Registry minecraft:block' to 'fml:handshake' sequence 13
[09:40:39] [Netty Epoll Server IO #1/DEBUG] [ne.mi.ne.LoginWrapper/FMLHANDSHAKE]: Recieved login wrapper packet event for channel fml:handshake with index 13
[09:40:39] [Netty Epoll Server IO #1/DEBUG] [ne.mi.ne.HandshakeHandler/FMLHANDSHAKE]: Received client indexed reply 13 of type net.minecraftforge.network.HandshakeMessages$C2SAcknowledge
[09:40:39] [Netty Epoll Server IO #1/DEBUG] [ne.mi.ne.HandshakeHandler/FMLHANDSHAKE]: Received acknowledgement from client
[09:40:39] [Server thread/DEBUG] [ne.mi.ne.HandshakeHandler/FMLHANDSHAKE]: Sending ticking packet info 'Registry forge:entity_data_serializers' to 'fml:handshake' sequence 14
[09:40:39] [Netty Epoll Server IO #1/DEBUG] [ne.mi.ne.LoginWrapper/FMLHANDSHAKE]: Recieved login wrapper packet event for channel fml:handshake with index 14
[09:40:39] [Netty Epoll Server IO #1/DEBUG] [ne.mi.ne.HandshakeHandler/FMLHANDSHAKE]: Received client indexed reply 14 of type net.minecraftforge.network.HandshakeMessages$C2SAcknowledge
[09:40:39] [Netty Epoll Server IO #1/DEBUG] [ne.mi.ne.HandshakeHandler/FMLHANDSHAKE]: Received acknowledgement from client
[09:40:39] [Server thread/DEBUG] [ne.mi.ne.HandshakeHandler/FMLHANDSHAKE]: Sending ticking packet info 'Registry minecraft:mob_effect' to 'fml:handshake' sequence 15
[09:40:39] [Netty Epoll Server IO #1/DEBUG] [ne.mi.ne.LoginWrapper/FMLHANDSHAKE]: Recieved login wrapper packet event for channel fml:handshake with index 15
[09:40:39] [Netty Epoll Server IO #1/DEBUG] [ne.mi.ne.HandshakeHandler/FMLHANDSHAKE]: Received client indexed reply 15 of type net.minecraftforge.network.HandshakeMessages$C2SAcknowledge
[09:40:39] [Netty Epoll Server IO #1/DEBUG] [ne.mi.ne.HandshakeHandler/FMLHANDSHAKE]: Received acknowledgement from client
[09:40:39] [Server thread/DEBUG] [ne.mi.ne.HandshakeHandler/FMLHANDSHAKE]: Sending ticking packet info 'Registry minecraft:stat_type' to 'fml:handshake' sequence 16
[09:40:39] [Netty Epoll Server IO #1/DEBUG] [ne.mi.ne.LoginWrapper/FMLHANDSHAKE]: Recieved login wrapper packet event for channel fml:handshake with index 16
[09:40:39] [Netty Epoll Server IO #1/DEBUG] [ne.mi.ne.HandshakeHandler/FMLHANDSHAKE]: Received client indexed reply 16 of type net.minecraftforge.network.HandshakeMessages$C2SAcknowledge
[09:40:39] [Netty Epoll Server IO #1/DEBUG] [ne.mi.ne.HandshakeHandler/FMLHANDSHAKE]: Received acknowledgement from client
[09:40:39] [Server thread/DEBUG] [ne.mi.ne.HandshakeHandler/FMLHANDSHAKE]: Sending ticking packet info 'Registry minecraft:menu' to 'fml:handshake' sequence 17
[09:40:39] [Netty Epoll Server IO #1/DEBUG] [ne.mi.ne.LoginWrapper/FMLHANDSHAKE]: Recieved login wrapper packet event for channel fml:handshake with index 17
[09:40:39] [Netty Epoll Server IO #1/DEBUG] [ne.mi.ne.HandshakeHandler/FMLHANDSHAKE]: Received client indexed reply 17 of type net.minecraftforge.network.HandshakeMessages$C2SAcknowledge
[09:40:39] [Netty Epoll Server IO #1/DEBUG] [ne.mi.ne.HandshakeHandler/FMLHANDSHAKE]: Received acknowledgement from client
[09:40:39] [Server thread/DEBUG] [ne.mi.ne.HandshakeHandler/FMLHANDSHAKE]: Sending ticking packet info 'Registry minecraft:enchantment' to 'fml:handshake' sequence 18
[09:40:39] [Netty Epoll Server IO #1/DEBUG] [ne.mi.ne.LoginWrapper/FMLHANDSHAKE]: Recieved login wrapper packet event for channel fml:handshake with index 18
[09:40:39] [Netty Epoll Server IO #1/DEBUG] [ne.mi.ne.HandshakeHandler/FMLHANDSHAKE]: Received client indexed reply 18 of type net.minecraftforge.network.HandshakeMessages$C2SAcknowledge
[09:40:39] [Netty Epoll Server IO #1/DEBUG] [ne.mi.ne.HandshakeHandler/FMLHANDSHAKE]: Received acknowledgement from client
[09:40:39] [Server thread/DEBUG] [ne.mi.ne.HandshakeHandler/FMLHANDSHAKE]: Sending ticking packet info 'Registry minecraft:fluid' to 'fml:handshake' sequence 19
[09:40:39] [Netty Epoll Server IO #1/DEBUG] [ne.mi.ne.LoginWrapper/FMLHANDSHAKE]: Recieved login wrapper packet event for channel fml:handshake with index 19
[09:40:39] [Netty Epoll Server IO #1/DEBUG] [ne.mi.ne.HandshakeHandler/FMLHANDSHAKE]: Received client indexed reply 19 of type net.minecraftforge.network.HandshakeMessages$C2SAcknowledge
[09:40:39] [Netty Epoll Server IO #1/DEBUG] [ne.mi.ne.HandshakeHandler/FMLHANDSHAKE]: Received acknowledgement from client
[09:40:39] [Server thread/DEBUG] [ne.mi.ne.HandshakeHandler/FMLHANDSHAKE]: Sending ticking packet info 'Registry minecraft:entity_type' to 'fml:handshake' sequence 20
[09:40:39] [Server thread/DEBUG] [ne.mi.ne.HandshakeHandler/FMLHANDSHAKE]: Sending ticking packet info 'Config blockreality-server.toml' to 'fml:handshake' sequence 21
[09:40:40] [Server thread/DEBUG] [ne.mi.ne.HandshakeHandler/FMLHANDSHAKE]: Sending ticking packet info 'Config forge-server.toml' to 'fml:handshake' sequence 22
[09:40:40] [Netty Epoll Server IO #1/DEBUG] [ne.mi.ne.LoginWrapper/FMLHANDSHAKE]: Recieved login wrapper packet event for channel fml:handshake with index 20
[09:40:40] [Netty Epoll Server IO #1/DEBUG] [ne.mi.ne.HandshakeHandler/FMLHANDSHAKE]: Received client indexed reply 20 of type net.minecraftforge.network.HandshakeMessages$C2SAcknowledge
[09:40:40] [Netty Epoll Server IO #1/DEBUG] [ne.mi.ne.HandshakeHandler/FMLHANDSHAKE]: Received acknowledgement from client
[09:40:40] [Netty Epoll Server IO #1/DEBUG] [ne.mi.ne.LoginWrapper/FMLHANDSHAKE]: Recieved login wrapper packet event for channel fml:handshake with index 21
[09:40:40] [Netty Epoll Server IO #1/DEBUG] [ne.mi.ne.HandshakeHandler/FMLHANDSHAKE]: Received client indexed reply 21 of type net.minecraftforge.network.HandshakeMessages$C2SAcknowledge
[09:40:40] [Netty Epoll Server IO #1/DEBUG] [ne.mi.ne.HandshakeHandler/FMLHANDSHAKE]: Received acknowledgement from client
[09:40:40] [Netty Epoll Server IO #1/DEBUG] [ne.mi.ne.LoginWrapper/FMLHANDSHAKE]: Recieved login wrapper packet event for channel fml:handshake with index 22
[09:40:40] [Netty Epoll Server IO #1/DEBUG] [ne.mi.ne.HandshakeHandler/FMLHANDSHAKE]: Received client indexed reply 22 of type net.minecraftforge.network.HandshakeMessages$C2SAcknowledge
[09:40:40] [Netty Epoll Server IO #1/DEBUG] [ne.mi.ne.HandshakeHandler/FMLHANDSHAKE]: Received acknowledgement from client
[09:40:40] [Server thread/DEBUG] [ne.mi.ne.HandshakeHandler/FMLHANDSHAKE]: Handshake complete!
[09:40:40] [Server thread/INFO] [minecraft/PlayerList]: BRRenderProbe[/127.0.0.1:45950] logged in with entity id 1 at (-7.5, -60.0, 0.5)
[09:40:40] [Server thread/DEBUG] [ne.mi.ne.fi.NetworkFilters/]: Injected net.minecraftforge.network.filters.ForgeConnectionNetworkFilter@1b326f3a into net.minecraft.network.Connection@196bcba
[09:40:40] [Server thread/INFO] [minecraft/MinecraftServer]: BRRenderProbe joined the game
[09:40:42] [RCON Client /127.0.0.1 #3/INFO] [minecraft/RconClient]: Thread RCON Client /127.0.0.1 shutting down
[09:41:14] [RCON Listener #1/INFO] [minecraft/GenericThread]: Thread RCON Client /127.0.0.1 started
[09:41:14] [Server thread/INFO] [minecraft/MinecraftServer]: [Rcon: Set BRRenderProbe's game mode to Spectator Mode]
[09:41:14] [Server thread/INFO] [minecraft/MinecraftServer]: [Rcon: Replaced a slot on BRRenderProbe with [Stress Glasses]]
[09:41:14] [Server thread/INFO] [minecraft/MinecraftServer]: [Rcon: Teleported BRRenderProbe to 2.500000, 201.000000, -7.500000]
[09:41:14] [Server thread/WARN] [minecraft/ServerGamePacketListenerImpl]: BRRenderProbe moved too quickly! 10.0,261.0,-8.0
[09:41:30] [Server thread/INFO] [minecraft/MinecraftServer]: [Rcon: Teleported BRRenderProbe to 10.500000, 202.000000, -7.500000]
[09:41:47] [Server thread/INFO] [minecraft/MinecraftServer]: [Rcon: Teleported BRRenderProbe to 2.500000, 215.000000, 6.500000]
[09:41:47] [Server thread/WARN] [minecraft/ServerGamePacketListenerImpl]: BRRenderProbe moved too quickly! -8.0,13.0,14.0
[09:42:06] [Server thread/INFO] [minecraft/MinecraftServer]: [Rcon: Changed the block at 0, 200, 24]
[09:42:06] [Server thread/INFO] [minecraft/MinecraftServer]: [Rcon: Changed the block at 0, 200, 28]
[09:42:06] [Server thread/INFO] [minecraft/MinecraftServer]: [Rcon: Changed the block at 0, 200, 32]
[09:42:06] [Server thread/INFO] [minecraft/MinecraftServer]: [Rcon: Changed the block at 0, 200, 36]
[09:42:06] [Server thread/INFO] [minecraft/MinecraftServer]: [Rcon: Changed the block at 4, 200, 24]
[09:42:06] [Server thread/INFO] [minecraft/MinecraftServer]: [Rcon: Changed the block at 4, 200, 28]
[09:42:06] [Server thread/INFO] [minecraft/MinecraftServer]: [Rcon: Changed the block at 4, 200, 32]
[09:42:06] [Server thread/INFO] [minecraft/MinecraftServer]: [Rcon: Changed the block at 4, 200, 36]
[09:42:06] [Server thread/INFO] [minecraft/MinecraftServer]: [Rcon: Changed the block at 8, 200, 24]
[09:42:06] [Server thread/INFO] [minecraft/MinecraftServer]: [Rcon: Changed the block at 8, 200, 28]
[09:42:06] [Server thread/INFO] [minecraft/MinecraftServer]: [Rcon: Changed the block at 8, 200, 32]
[09:42:06] [Server thread/INFO] [minecraft/MinecraftServer]: [Rcon: Changed the block at 8, 200, 36]
[09:42:06] [Server thread/INFO] [minecraft/MinecraftServer]: [Rcon: Changed the block at 12, 200, 24]
[09:42:06] [Server thread/INFO] [minecraft/MinecraftServer]: [Rcon: Changed the block at 12, 200, 28]
[09:42:06] [Server thread/INFO] [minecraft/MinecraftServer]: [Rcon: Changed the block at 12, 200, 32]
[09:42:06] [Server thread/INFO] [minecraft/MinecraftServer]: [Rcon: Changed the block at 12, 200, 36]
[09:42:06] [Server thread/INFO] [minecraft/MinecraftServer]: [Rcon: Changed the block at 16, 200, 24]
[09:42:06] [Server thread/INFO] [minecraft/MinecraftServer]: [Rcon: Changed the block at 16, 200, 28]
[09:42:06] [Server thread/INFO] [minecraft/MinecraftServer]: [Rcon: Changed the block at 16, 200, 32]
[09:42:06] [Server thread/INFO] [minecraft/MinecraftServer]: [Rcon: Changed the block at 16, 200, 36]
[09:42:06] [Server thread/INFO] [minecraft/MinecraftServer]: [Rcon: Changed the block at 20, 200, 24]
[09:42:06] [Server thread/INFO] [minecraft/MinecraftServer]: [Rcon: Changed the block at 20, 200, 28]
[09:42:06] [Server thread/INFO] [minecraft/MinecraftServer]: [Rcon: Changed the block at 20, 200, 32]
[09:42:06] [Server thread/INFO] [minecraft/MinecraftServer]: [Rcon: Changed the block at 20, 200, 36]
[09:42:06] [Server thread/INFO] [minecraft/MinecraftServer]: [Rcon: Changed the block at 24, 200, 24]
[09:42:06] [Server thread/INFO] [minecraft/MinecraftServer]: [Rcon: Changed the block at 24, 200, 28]
[09:42:06] [Server thread/INFO] [minecraft/MinecraftServer]: [Rcon: Changed the block at 24, 200, 32]
[09:42:06] [Server thread/INFO] [minecraft/MinecraftServer]: [Rcon: Changed the block at 24, 200, 36]
[09:42:06] [Server thread/INFO] [minecraft/MinecraftServer]: [Rcon: Changed the block at 28, 200, 24]
[09:42:06] [Server thread/INFO] [minecraft/MinecraftServer]: [Rcon: Changed the block at 28, 200, 28]
[09:42:06] [Server thread/INFO] [minecraft/MinecraftServer]: [Rcon: Changed the block at 28, 200, 32]
[09:42:06] [Server thread/INFO] [minecraft/MinecraftServer]: [Rcon: Changed the block at 28, 200, 36]
[09:42:06] [Server thread/INFO] [minecraft/MinecraftServer]: [Rcon: Changed the block at 32, 200, 24]
[09:42:06] [Server thread/INFO] [minecraft/MinecraftServer]: [Rcon: Changed the block at 32, 200, 28]
[09:42:06] [Server thread/INFO] [minecraft/MinecraftServer]: [Rcon: Changed the block at 32, 200, 32]
[09:42:06] [Server thread/INFO] [minecraft/MinecraftServer]: [Rcon: Changed the block at 32, 200, 36]
[09:42:06] [Server thread/INFO] [minecraft/MinecraftServer]: [Rcon: Teleported BRRenderProbe to 16.500000, 215.000000, 12.500000]
[09:42:23] [RCON Client /127.0.0.1 #4/INFO] [minecraft/RconClient]: Thread RCON Client /127.0.0.1 shutting down
[09:42:23] [Server thread/INFO] [minecraft/ServerGamePacketListenerImpl]: BRRenderProbe lost connection: Disconnected
[09:42:23] [Server thread/INFO] [minecraft/MinecraftServer]: BRRenderProbe left the game
[09:43:06] [Server thread/DEBUG] [ne.mi.co.ForgeHooks/WP]: Gathering id map for writing to world save render-probe
[09:43:06] [Server thread/DEBUG] [ne.mi.co.ForgeHooks/WP]: ID Map collection complete render-probe
[09:45:10] [RCON Listener #1/INFO] [minecraft/GenericThread]: Thread RCON Client /127.0.0.1 started
[09:45:10] [Server thread/INFO] [minecraft/MinecraftServer]: [Rcon: Stopping the server]
[09:45:10] [RCON Client /127.0.0.1 #5/INFO] [minecraft/RconClient]: Thread RCON Client /127.0.0.1 shutting down
[09:45:10] [Server thread/INFO] [minecraft/MinecraftServer]: Stopping server
[09:45:10] [Server thread/INFO] [minecraft/MinecraftServer]: Saving players
[09:45:10] [Server thread/INFO] [minecraft/MinecraftServer]: Saving worlds
[09:45:10] [Server thread/INFO] [minecraft/MinecraftServer]: Saving chunks for level 'ServerLevel[render-probe]'/minecraft:overworld
[09:45:14] [Server thread/INFO] [minecraft/MinecraftServer]: Saving chunks for level 'ServerLevel[render-probe]'/minecraft:the_nether
[09:45:14] [Server thread/INFO] [minecraft/MinecraftServer]: Saving chunks for level 'ServerLevel[render-probe]'/minecraft:the_end
[09:45:14] [Server thread/DEBUG] [ne.mi.co.ForgeHooks/WP]: Gathering id map for writing to world save render-probe
[09:45:14] [Server thread/DEBUG] [ne.mi.co.ForgeHooks/WP]: ID Map collection complete render-probe
[09:45:14] [Server thread/INFO] [minecraft/MinecraftServer]: ThreadedAnvilChunkStorage (render-probe): All chunks are saved
[09:45:14] [Server thread/INFO] [minecraft/MinecraftServer]: ThreadedAnvilChunkStorage (DIM-1): All chunks are saved
[09:45:14] [Server thread/INFO] [minecraft/MinecraftServer]: ThreadedAnvilChunkStorage (DIM1): All chunks are saved
[09:45:14] [Server thread/INFO] [minecraft/MinecraftServer]: ThreadedAnvilChunkStorage: All dimensions are saved
[09:45:15] [Server thread/DEBUG] [ne.mi.fm.co.ConfigTracker/CONFIG]: Unloading configs type SERVER
[09:45:15] [Server thread/INFO] [minecraft/GenericThread]: Thread RCON Listener stopped

Deprecated Gradle features were used in this build, making it incompatible with Gradle 9.0.

You can use '--warning-mode all' to show the individual deprecation warnings and determine if they come from your own scripts or plugins.

For more on this, please refer to https://docs.gradle.org/8.8/userguide/command_line_interface.html#sec:command_line_warnings in the Gradle documentation.

BUILD SUCCESSFUL in 7m 31s
11 actionable tasks: 10 executed, 1 up-to-date
